event_id,session_id,event_type
1,2970,checkout
2,3961,homepage_view
3,3812,product_view
4,147,checkout
5,122,checkout
6,81,purchase
7,2733,add_to_cart
8,3738,homepage_view
9,2710,product_view
10,2423,homepage_view
11,3642,add_to_cart
12,2111,product_view
13,504,add_to_cart
14,668,purchase
15,2497,add_to_cart
16,3500,product_view
17,2916,homepage_view
18,3499,checkout
19,1445,homepage_view
20,1346,homepage_view
21,3985,homepage_view
22,2728,product_view
23,1190,homepage_view
24,1621,purchase
25,1981,purchase
26,1673,purchase
27,2509,homepage_view
28,459,purchase
29,1213,purchase
30,464,purchase
31,912,add_to_cart
32,2427,add_to_cart
33,1026,homepage_view
34,3690,checkout
35,2412,homepage_view
36,72,product_view
37,1451,purchase
38,2686,product_view
39,1194,homepage_view
40,3277,purchase
41,1849,purchase
42,2385,homepage_view
43,2023,checkout
44,3544,product_view
45,2243,product_view
46,3742,homepage_view
47,1012,homepage_view
48,653,homepage_view
49,1299,homepage_view
50,7,purchase
51,905,add_to_cart
52,3027,checkout
53,2029,add_to_cart
54,2614,homepage_view
55,616,purchase
56,3926,checkout
57,1874,product_view
58,2621,homepage_view
59,2647,add_to_cart
60,770,add_to_cart
61,3250,checkout
62,2290,homepage_view
63,3275,homepage_view
64,1567,add_to_cart
65,3873,add_to_cart
66,1486,homepage_view
67,3152,product_view
68,3595,add_to_cart
69,1441,add_to_cart
70,766,product_view
71,384,product_view
72,2439,checkout
73,2944,purchase
74,3871,homepage_view
75,688,homepage_view
76,1150,purchase
77,3566,product_view
78,47,add_to_cart
79,3790,add_to_cart
80,3548,homepage_view
81,1973,add_to_cart
82,2667,add_to_cart
83,464,add_to_cart
84,3859,homepage_view
85,1873,purchase
86,123,product_view
87,3546,add_to_cart
88,2182,checkout
89,1643,product_view
90,3889,checkout
91,841,purchase
92,1586,product_view
93,2897,product_view
94,2655,purchase
95,1804,homepage_view
96,23,homepage_view
97,566,purchase
98,1910,checkout
99,2814,purchase
100,965,homepage_view
101,2283,homepage_view
102,996,homepage_view
103,3131,add_to_cart
104,1188,add_to_cart
105,1795,product_view
106,826,homepage_view
107,216,add_to_cart
108,3255,product_view
109,3641,homepage_view
110,657,purchase
111,2983,homepage_view
112,1114,add_to_cart
113,1988,checkout
114,311,product_view
115,557,homepage_view
116,3020,product_view
117,2305,checkout
118,2581,homepage_view
119,1557,add_to_cart
120,52,purchase
121,1362,purchase
122,1195,product_view
123,3139,checkout
124,1649,purchase
125,2348,product_view
126,672,homepage_view
127,778,homepage_view
128,832,homepage_view
129,2280,checkout
130,3023,add_to_cart
131,1861,checkout
132,3140,checkout
133,1530,add_to_cart
134,2076,add_to_cart
135,1973,homepage_view
136,3700,checkout
137,1075,product_view
138,1717,product_view
139,1284,homepage_view
140,591,purchase
141,2833,purchase
142,2668,product_view
143,1987,product_view
144,2634,add_to_cart
145,3759,homepage_view
146,1002,homepage_view
147,2232,add_to_cart
148,1047,homepage_view
149,3858,product_view
150,2177,product_view
151,2339,product_view
152,1856,homepage_view
153,501,product_view
154,2234,product_view
155,479,product_view
156,1595,add_to_cart
157,2540,purchase
158,513,homepage_view
159,3715,checkout
160,3139,homepage_view
161,3877,add_to_cart
162,2515,product_view
163,2333,product_view
164,601,add_to_cart
165,1441,product_view
166,1124,product_view
167,189,checkout
168,989,homepage_view
169,2938,homepage_view
170,1882,homepage_view
171,388,homepage_view
172,2289,product_view
173,1806,product_view
174,2034,homepage_view
175,1755,homepage_view
176,2465,add_to_cart
177,3990,add_to_cart
178,2224,purchase
179,387,purchase
180,1495,purchase
181,853,checkout
182,3305,add_to_cart
183,2711,homepage_view
184,452,add_to_cart
185,2325,homepage_view
186,3301,checkout
187,3243,product_view
188,1759,add_to_cart
189,213,homepage_view
190,3354,product_view
191,41,product_view
192,1146,homepage_view
193,3299,product_view
194,2342,homepage_view
195,600,product_view
196,3339,product_view
197,2025,checkout
198,2589,product_view
199,2031,product_view
200,1783,purchase
201,1852,product_view
202,2499,product_view
203,3521,product_view
204,1780,checkout
205,3133,product_view
206,3574,product_view
207,3219,add_to_cart
208,3758,homepage_view
209,2838,checkout
210,2382,product_view
211,1905,add_to_cart
212,2939,add_to_cart
213,3214,homepage_view
214,2092,checkout
215,144,purchase
216,3937,product_view
217,333,purchase
218,998,homepage_view
219,3569,checkout
220,1420,product_view
221,55,product_view
222,1331,homepage_view
223,2918,product_view
224,1447,homepage_view
225,1441,purchase
226,3745,checkout
227,2845,homepage_view
228,2373,homepage_view
229,1734,checkout
230,1695,product_view
231,80,homepage_view
232,3103,product_view
233,985,product_view
234,3184,homepage_view
235,2606,add_to_cart
236,865,add_to_cart
237,2765,homepage_view
238,1588,purchase
239,3722,product_view
240,472,homepage_view
241,2122,homepage_view
242,1577,homepage_view
243,1503,product_view
244,589,homepage_view
245,1411,product_view
246,3771,homepage_view
247,1906,add_to_cart
248,564,checkout
249,3505,product_view
250,3484,add_to_cart
251,467,purchase
252,599,add_to_cart
253,1645,product_view
254,992,product_view
255,1933,checkout
256,2785,homepage_view
257,3042,product_view
258,2296,product_view
259,1605,add_to_cart
260,3192,checkout
261,67,product_view
262,2621,homepage_view
263,3399,purchase
264,3992,homepage_view
265,2751,homepage_view
266,470,product_view
267,2541,checkout
268,1725,checkout
269,2711,purchase
270,2334,homepage_view
271,3986,product_view
272,1632,homepage_view
273,2360,checkout
274,2357,product_view
275,775,homepage_view
276,3169,add_to_cart
277,3013,product_view
278,1137,product_view
279,2012,checkout
280,3709,homepage_view
281,2504,homepage_view
282,1487,homepage_view
283,132,product_view
284,930,homepage_view
285,3013,add_to_cart
286,929,homepage_view
287,2169,purchase
288,1221,homepage_view
289,3878,homepage_view
290,1506,homepage_view
291,634,checkout
292,3866,product_view
293,2945,checkout
294,2820,checkout
295,1063,purchase
296,2614,add_to_cart
297,2560,homepage_view
298,3546,checkout
299,1185,purchase
300,289,purchase
301,2248,homepage_view
302,1812,add_to_cart
303,528,homepage_view
304,917,homepage_view
305,1709,add_to_cart
306,3575,purchase
307,3320,add_to_cart
308,1407,checkout
309,1242,homepage_view
310,1111,homepage_view
311,3154,add_to_cart
312,3134,product_view
313,799,checkout
314,1524,product_view
315,3114,product_view
316,12,product_view
317,833,homepage_view
318,3818,purchase
319,2889,product_view
320,2691,product_view
321,3187,checkout
322,1242,product_view
323,1673,checkout
324,2154,homepage_view
325,691,homepage_view
326,528,purchase
327,1496,checkout
328,3826,product_view
329,2894,add_to_cart
330,893,purchase
331,387,homepage_view
332,1250,homepage_view
333,2529,product_view
334,1778,homepage_view
335,408,homepage_view
336,3529,checkout
337,1677,homepage_view
338,898,checkout
339,711,product_view
340,3696,product_view
341,2687,add_to_cart
342,3093,product_view
343,1683,homepage_view
344,3673,homepage_view
345,2863,add_to_cart
346,918,homepage_view
347,2251,homepage_view
348,417,purchase
349,416,purchase
350,1472,product_view
351,1536,homepage_view
352,85,add_to_cart
353,167,checkout
354,2432,homepage_view
355,2516,homepage_view
356,1096,checkout
357,810,purchase
358,3045,checkout
359,1545,homepage_view
360,1817,product_view
361,2521,add_to_cart
362,993,homepage_view
363,1282,homepage_view
364,275,homepage_view
365,1774,product_view
366,3092,product_view
367,3562,checkout
368,3817,add_to_cart
369,2538,purchase
370,1757,checkout
371,2374,homepage_view
372,2577,product_view
373,892,product_view
374,89,homepage_view
375,2534,purchase
376,708,homepage_view
377,2398,product_view
378,3156,product_view
379,387,product_view
380,2135,add_to_cart
381,2355,product_view
382,1874,homepage_view
383,1178,homepage_view
384,440,purchase
385,2788,homepage_view
386,2312,homepage_view
387,977,product_view
388,735,homepage_view
389,2469,product_view
390,2541,add_to_cart
391,633,checkout
392,993,add_to_cart
393,2459,homepage_view
394,173,product_view
395,4,homepage_view
396,2902,homepage_view
397,1664,product_view
398,3034,homepage_view
399,2016,add_to_cart
400,1496,add_to_cart
401,3182,checkout
402,3939,checkout
403,1061,homepage_view
404,2631,product_view
405,3873,homepage_view
406,1055,product_view
407,381,homepage_view
408,1292,homepage_view
409,3083,product_view
410,2392,add_to_cart
411,3912,add_to_cart
412,3616,product_view
413,1593,product_view
414,166,product_view
415,2748,add_to_cart
416,2390,homepage_view
417,3554,add_to_cart
418,1043,add_to_cart
419,1652,homepage_view
420,3028,homepage_view
421,1208,homepage_view
422,3854,product_view
423,545,add_to_cart
424,3082,product_view
425,3664,product_view
426,2240,purchase
427,2368,homepage_view
428,3774,homepage_view
429,2628,product_view
430,2523,add_to_cart
431,3932,add_to_cart
432,2685,product_view
433,2475,purchase
434,3920,add_to_cart
435,3131,homepage_view
436,3508,add_to_cart
437,97,homepage_view
438,2544,add_to_cart
439,3859,homepage_view
440,2709,add_to_cart
441,1302,product_view
442,3337,checkout
443,2057,product_view
444,457,add_to_cart
445,1819,homepage_view
446,273,purchase
447,2988,checkout
448,3885,homepage_view
449,1032,purchase
450,208,product_view
451,1938,add_to_cart
452,1661,add_to_cart
453,1147,homepage_view
454,1057,purchase
455,1537,product_view
456,204,homepage_view
457,2566,checkout
458,1833,add_to_cart
459,2565,homepage_view
460,443,homepage_view
461,3664,add_to_cart
462,3858,homepage_view
463,689,purchase
464,2898,add_to_cart
465,833,product_view
466,2387,product_view
467,1462,product_view
468,3517,product_view
469,1160,checkout
470,387,purchase
471,2042,add_to_cart
472,3097,product_view
473,2554,homepage_view
474,1349,add_to_cart
475,1719,add_to_cart
476,680,add_to_cart
477,3410,homepage_view
478,690,checkout
479,2933,product_view
480,3167,add_to_cart
481,1569,add_to_cart
482,2671,add_to_cart
483,1170,product_view
484,893,add_to_cart
485,953,homepage_view
486,1255,checkout
487,784,homepage_view
488,2047,product_view
489,1872,homepage_view
490,495,checkout
491,3110,product_view
492,3497,add_to_cart
493,3719,add_to_cart
494,3918,checkout
495,747,homepage_view
496,2485,add_to_cart
497,1855,product_view
498,3440,homepage_view
499,2393,homepage_view
500,3232,homepage_view
501,2598,homepage_view
502,3734,product_view
503,3984,homepage_view
504,2868,product_view
505,2589,homepage_view
506,2192,homepage_view
507,2636,purchase
508,657,product_view
509,3813,homepage_view
510,3648,add_to_cart
511,1883,homepage_view
512,2393,homepage_view
513,3341,homepage_view
514,3912,purchase
515,2744,add_to_cart
516,1797,checkout
517,268,purchase
518,2217,purchase
519,3843,add_to_cart
520,1763,add_to_cart
521,2081,product_view
522,377,homepage_view
523,3286,product_view
524,1586,product_view
525,1464,purchase
526,3564,product_view
527,2441,add_to_cart
528,489,product_view
529,722,homepage_view
530,946,add_to_cart
531,3101,product_view
532,2087,product_view
533,3931,product_view
534,1636,homepage_view
535,3245,product_view
536,1041,add_to_cart
537,3128,product_view
538,2274,product_view
539,3630,homepage_view
540,2115,homepage_view
541,3269,product_view
542,1678,product_view
543,2883,add_to_cart
544,3095,checkout
545,999,homepage_view
546,3678,homepage_view
547,1778,product_view
548,2285,product_view
549,957,product_view
550,2967,checkout
551,3995,checkout
552,1590,homepage_view
553,1162,purchase
554,2521,homepage_view
555,1869,add_to_cart
556,3856,add_to_cart
557,553,add_to_cart
558,1634,homepage_view
559,695,product_view
560,3712,product_view
561,3301,homepage_view
562,317,homepage_view
563,2646,product_view
564,768,product_view
565,3793,add_to_cart
566,3799,homepage_view
567,2934,checkout
568,3684,homepage_view
569,2609,checkout
570,3273,product_view
571,1972,product_view
572,2306,checkout
573,1504,homepage_view
574,3960,homepage_view
575,3250,product_view
576,2805,homepage_view
577,123,product_view
578,2390,homepage_view
579,3243,checkout
580,1869,add_to_cart
581,1672,homepage_view
582,1083,checkout
583,1729,product_view
584,3537,product_view
585,3852,product_view
586,2308,add_to_cart
587,3445,product_view
588,1997,add_to_cart
589,2143,homepage_view
590,1149,purchase
591,2089,add_to_cart
592,1915,homepage_view
593,254,add_to_cart
594,7,product_view
595,3543,homepage_view
596,2776,homepage_view
597,3583,homepage_view
598,3653,checkout
599,2117,product_view
600,3153,product_view
601,542,homepage_view
602,3657,product_view
603,3334,product_view
604,89,add_to_cart
605,1939,purchase
606,3280,product_view
607,213,product_view
608,2882,product_view
609,266,checkout
610,2960,homepage_view
611,2341,product_view
612,1231,add_to_cart
613,2381,homepage_view
614,3149,homepage_view
615,3360,add_to_cart
616,1005,homepage_view
617,2095,product_view
618,622,product_view
619,3272,product_view
620,427,homepage_view
621,210,purchase
622,888,homepage_view
623,1444,add_to_cart
624,154,homepage_view
625,3594,product_view
626,415,homepage_view
627,3425,homepage_view
628,1181,homepage_view
629,1285,product_view
630,3149,product_view
631,769,homepage_view
632,983,purchase
633,1512,homepage_view
634,3203,product_view
635,579,homepage_view
636,3527,product_view
637,2788,add_to_cart
638,2211,product_view
639,1039,homepage_view
640,3304,homepage_view
641,2243,add_to_cart
642,3933,homepage_view
643,542,product_view
644,359,homepage_view
645,850,homepage_view
646,3403,homepage_view
647,427,checkout
648,2545,add_to_cart
649,2876,product_view
650,486,homepage_view
651,1832,product_view
652,1473,product_view
653,1437,add_to_cart
654,330,homepage_view
655,1756,purchase
656,2937,product_view
657,3039,purchase
658,1171,homepage_view
659,259,homepage_view
660,2340,homepage_view
661,3883,checkout
662,143,product_view
663,2017,checkout
664,2795,checkout
665,627,add_to_cart
666,1389,add_to_cart
667,90,add_to_cart
668,720,add_to_cart
669,3236,product_view
670,481,add_to_cart
671,2132,checkout
672,1101,product_view
673,673,purchase
674,517,homepage_view
675,2533,product_view
676,1614,homepage_view
677,3675,homepage_view
678,3671,checkout
679,782,purchase
680,2152,checkout
681,3524,purchase
682,3559,homepage_view
683,2036,homepage_view
684,2387,product_view
685,687,checkout
686,1590,homepage_view
687,900,purchase
688,1502,add_to_cart
689,3795,purchase
690,2655,product_view
691,223,product_view
692,3081,add_to_cart
693,1077,checkout
694,1101,homepage_view
695,1742,purchase
696,503,checkout
697,1340,homepage_view
698,3886,homepage_view
699,2870,product_view
700,3914,product_view
701,624,add_to_cart
702,1887,homepage_view
703,2213,add_to_cart
704,3351,add_to_cart
705,1051,homepage_view
706,1094,product_view
707,3290,homepage_view
708,1986,homepage_view
709,1389,product_view
710,3773,purchase
711,3917,homepage_view
712,1330,product_view
713,1148,homepage_view
714,19,homepage_view
715,1281,product_view
716,3368,add_to_cart
717,4000,homepage_view
718,1046,purchase
719,3952,homepage_view
720,989,checkout
721,2498,checkout
722,2600,product_view
723,1574,homepage_view
724,1072,product_view
725,2743,add_to_cart
726,2635,checkout
727,2769,product_view
728,1207,product_view
729,1459,checkout
730,2155,purchase
731,1212,add_to_cart
732,776,checkout
733,3158,add_to_cart
734,1860,add_to_cart
735,1867,add_to_cart
736,3528,add_to_cart
737,1161,product_view
738,1882,product_view
739,2946,add_to_cart
740,2384,product_view
741,2655,product_view
742,2886,checkout
743,1781,add_to_cart
744,3541,homepage_view
745,602,checkout
746,1595,checkout
747,2451,product_view
748,540,homepage_view
749,1096,purchase
750,1806,checkout
751,24,homepage_view
752,624,homepage_view
753,1836,product_view
754,3557,add_to_cart
755,1080,homepage_view
756,986,product_view
757,223,product_view
758,3704,checkout
759,179,product_view
760,2848,product_view
761,2482,purchase
762,1961,homepage_view
763,1474,homepage_view
764,793,checkout
765,884,homepage_view
766,2540,checkout
767,1213,homepage_view
768,1602,homepage_view
769,810,purchase
770,961,product_view
771,420,add_to_cart
772,3321,homepage_view
773,3660,homepage_view
774,2697,checkout
775,1188,product_view
776,3817,product_view
777,1279,homepage_view
778,2524,product_view
779,3878,checkout
780,1441,checkout
781,2218,add_to_cart
782,1341,add_to_cart
783,2222,product_view
784,2518,product_view
785,2393,add_to_cart
786,2493,homepage_view
787,1042,homepage_view
788,1094,purchase
789,1362,homepage_view
790,2676,homepage_view
791,592,product_view
792,527,add_to_cart
793,3760,product_view
794,2504,product_view
795,1293,purchase
796,1655,add_to_cart
797,811,checkout
798,188,homepage_view
799,3069,homepage_view
800,1593,product_view
801,2759,homepage_view
802,529,homepage_view
803,434,homepage_view
804,2336,product_view
805,1942,add_to_cart
806,3639,checkout
807,2547,homepage_view
808,3513,product_view
809,1805,homepage_view
810,303,product_view
811,87,product_view
812,2878,product_view
813,438,checkout
814,2589,checkout
815,1046,add_to_cart
816,833,checkout
817,797,add_to_cart
818,560,checkout
819,3589,product_view
820,762,product_view
821,1699,add_to_cart
822,3575,homepage_view
823,3786,add_to_cart
824,2515,purchase
825,1125,add_to_cart
826,3655,homepage_view
827,2723,product_view
828,685,checkout
829,1165,purchase
830,138,product_view
831,578,checkout
832,710,checkout
833,3912,homepage_view
834,228,checkout
835,2329,product_view
836,2732,add_to_cart
837,828,product_view
838,431,add_to_cart
839,1064,add_to_cart
840,3591,product_view
841,1710,checkout
842,1687,checkout
843,1235,checkout
844,302,product_view
845,1110,homepage_view
846,1421,product_view
847,3325,checkout
848,533,homepage_view
849,769,purchase
850,3963,checkout
851,1939,add_to_cart
852,1405,add_to_cart
853,444,add_to_cart
854,3105,add_to_cart
855,260,product_view
856,3306,checkout
857,1539,add_to_cart
858,3931,checkout
859,1332,checkout
860,2787,homepage_view
861,2844,homepage_view
862,70,checkout
863,1478,homepage_view
864,1463,add_to_cart
865,1849,product_view
866,3436,homepage_view
867,3031,homepage_view
868,3838,checkout
869,481,add_to_cart
870,1168,product_view
871,2072,purchase
872,3013,homepage_view
873,3497,homepage_view
874,2794,add_to_cart
875,2893,checkout
876,1199,product_view
877,3916,purchase
878,2373,purchase
879,1893,homepage_view
880,1695,homepage_view
881,1884,checkout
882,1372,product_view
883,798,homepage_view
884,18,checkout
885,44,product_view
886,155,product_view
887,867,homepage_view
888,2970,add_to_cart
889,3449,product_view
890,743,homepage_view
891,3955,product_view
892,1852,add_to_cart
893,1426,purchase
894,225,purchase
895,217,homepage_view
896,3640,add_to_cart
897,31,checkout
898,1893,checkout
899,1083,product_view
900,1916,homepage_view
901,898,checkout
902,3425,homepage_view
903,2983,homepage_view
904,445,add_to_cart
905,1259,purchase
906,1131,homepage_view
907,1215,add_to_cart
908,2016,product_view
909,2578,checkout
910,1937,add_to_cart
911,738,homepage_view
912,1703,homepage_view
913,3655,product_view
914,874,homepage_view
915,566,homepage_view
916,3317,add_to_cart
917,2019,product_view
918,1886,add_to_cart
919,2124,homepage_view
920,547,add_to_cart
921,2315,product_view
922,317,homepage_view
923,3884,product_view
924,3193,homepage_view
925,1860,checkout
926,25,add_to_cart
927,3504,product_view
928,160,homepage_view
929,2644,homepage_view
930,1138,product_view
931,3807,add_to_cart
932,900,homepage_view
933,2550,homepage_view
934,1190,product_view
935,3061,product_view
936,703,homepage_view
937,3247,product_view
938,1,product_view
939,1923,product_view
940,2789,product_view
941,3158,add_to_cart
942,3646,homepage_view
943,2368,homepage_view
944,1425,product_view
945,382,product_view
946,1742,product_view
947,3689,checkout
948,3390,checkout
949,1827,homepage_view
950,1274,checkout
951,1549,product_view
952,3747,homepage_view
953,1579,purchase
954,898,checkout
955,3695,purchase
956,717,homepage_view
957,3968,homepage_view
958,3328,product_view
959,2355,add_to_cart
960,3216,homepage_view
961,3730,checkout
962,391,product_view
963,3885,product_view
964,1700,add_to_cart
965,3241,add_to_cart
966,3038,homepage_view
967,2346,purchase
968,233,product_view
969,1927,homepage_view
970,2319,checkout
971,3132,purchase
972,1320,checkout
973,3539,checkout
974,3307,add_to_cart
975,2725,purchase
976,706,homepage_view
977,234,checkout
978,1392,add_to_cart
979,3767,homepage_view
980,2893,product_view
981,1256,product_view
982,1897,add_to_cart
983,2539,homepage_view
984,3691,checkout
985,2551,homepage_view
986,890,product_view
987,3807,checkout
988,592,product_view
989,746,product_view
990,3453,homepage_view
991,1720,add_to_cart
992,428,purchase
993,2745,purchase
994,2694,add_to_cart
995,732,homepage_view
996,800,homepage_view
997,2412,homepage_view
998,202,product_view
999,2930,homepage_view
1000,2194,homepage_view
1001,836,add_to_cart
1002,2687,product_view
1003,3529,add_to_cart
1004,135,purchase
1005,2674,add_to_cart
1006,1288,add_to_cart
1007,2112,add_to_cart
1008,2539,product_view
1009,3719,homepage_view
1010,41,homepage_view
1011,3368,homepage_view
1012,3075,add_to_cart
1013,913,purchase
1014,1730,purchase
1015,975,homepage_view
1016,1134,purchase
1017,3293,product_view
1018,3442,checkout
1019,2416,homepage_view
1020,1460,homepage_view
1021,2966,product_view
1022,3076,checkout
1023,2041,homepage_view
1024,244,homepage_view
1025,2950,purchase
1026,166,purchase
1027,1050,homepage_view
1028,3467,add_to_cart
1029,1498,product_view
1030,3089,product_view
1031,728,product_view
1032,1116,product_view
1033,483,product_view
1034,2591,add_to_cart
1035,3277,product_view
1036,3574,add_to_cart
1037,2979,add_to_cart
1038,2448,product_view
1039,1231,homepage_view
1040,2667,add_to_cart
1041,3218,checkout
1042,2927,add_to_cart
1043,2149,add_to_cart
1044,880,homepage_view
1045,830,add_to_cart
1046,3952,product_view
1047,3313,purchase
1048,2025,add_to_cart
1049,3995,homepage_view
1050,759,product_view
1051,163,checkout
1052,3956,product_view
1053,1197,product_view
1054,2550,add_to_cart
1055,2595,add_to_cart
1056,1308,homepage_view
1057,3431,product_view
1058,2429,purchase
1059,2918,purchase
1060,2953,add_to_cart
1061,1996,purchase
1062,1935,product_view
1063,1557,product_view
1064,3892,product_view
1065,3235,homepage_view
1066,3050,product_view
1067,2657,product_view
1068,307,checkout
1069,1363,add_to_cart
1070,2103,add_to_cart
1071,3031,product_view
1072,333,homepage_view
1073,2175,product_view
1074,2753,add_to_cart
1075,243,homepage_view
1076,1885,product_view
1077,2648,product_view
1078,3920,checkout
1079,1433,checkout
1080,2551,add_to_cart
1081,3799,product_view
1082,2652,product_view
1083,303,homepage_view
1084,3536,homepage_view
1085,235,homepage_view
1086,3768,homepage_view
1087,3110,homepage_view
1088,2187,homepage_view
1089,195,homepage_view
1090,1551,add_to_cart
1091,1793,purchase
1092,647,checkout
1093,2049,homepage_view
1094,561,product_view
1095,1120,checkout
1096,713,homepage_view
1097,413,checkout
1098,538,add_to_cart
1099,1879,purchase
1100,2477,checkout
1101,235,add_to_cart
1102,2397,add_to_cart
1103,1780,homepage_view
1104,1894,homepage_view
1105,1505,product_view
1106,1863,homepage_view
1107,2444,homepage_view
1108,1375,product_view
1109,416,checkout
1110,1910,homepage_view
1111,916,homepage_view
1112,3959,product_view
1113,3123,product_view
1114,81,homepage_view
1115,2084,purchase
1116,1091,product_view
1117,2689,product_view
1118,2930,homepage_view
1119,1691,product_view
1120,757,checkout
1121,2671,homepage_view
1122,3752,product_view
1123,3553,homepage_view
1124,468,purchase
1125,1166,homepage_view
1126,2404,checkout
1127,2757,product_view
1128,1495,add_to_cart
1129,1645,add_to_cart
1130,1020,homepage_view
1131,3960,product_view
1132,1615,product_view
1133,902,homepage_view
1134,673,checkout
1135,439,homepage_view
1136,2579,add_to_cart
1137,127,product_view
1138,2253,homepage_view
1139,2077,add_to_cart
1140,445,product_view
1141,966,product_view
1142,3791,product_view
1143,464,homepage_view
1144,3352,checkout
1145,2199,product_view
1146,2288,homepage_view
1147,2314,add_to_cart
1148,3766,homepage_view
1149,3177,homepage_view
1150,3505,product_view
1151,913,checkout
1152,497,purchase
1153,1464,add_to_cart
1154,1772,product_view
1155,2733,add_to_cart
1156,158,product_view
1157,172,homepage_view
1158,494,purchase
1159,970,homepage_view
1160,1335,product_view
1161,1427,checkout
1162,1693,add_to_cart
1163,1794,homepage_view
1164,2724,homepage_view
1165,659,product_view
1166,2951,product_view
1167,666,product_view
1168,3535,product_view
1169,367,purchase
1170,550,homepage_view
1171,643,product_view
1172,1894,product_view
1173,255,homepage_view
1174,208,homepage_view
1175,2498,purchase
1176,95,checkout
1177,1884,homepage_view
1178,2887,checkout
1179,478,homepage_view
1180,2731,add_to_cart
1181,762,homepage_view
1182,190,checkout
1183,2759,homepage_view
1184,1508,product_view
1185,1757,checkout
1186,1560,homepage_view
1187,756,product_view
1188,1447,homepage_view
1189,836,add_to_cart
1190,1664,product_view
1191,1629,product_view
1192,1836,purchase
1193,133,product_view
1194,55,homepage_view
1195,510,add_to_cart
1196,670,checkout
1197,3613,purchase
1198,2458,homepage_view
1199,3283,product_view
1200,1690,checkout
1201,1317,checkout
1202,3035,add_to_cart
1203,734,homepage_view
1204,3187,homepage_view
1205,1694,homepage_view
1206,259,purchase
1207,3835,homepage_view
1208,1146,product_view
1209,299,add_to_cart
1210,3847,product_view
1211,3453,product_view
1212,561,add_to_cart
1213,1913,product_view
1214,1865,homepage_view
1215,3573,product_view
1216,297,checkout
1217,2410,purchase
1218,2637,add_to_cart
1219,3535,checkout
1220,1462,product_view
1221,2175,add_to_cart
1222,197,purchase
1223,2269,product_view
1224,995,homepage_view
1225,2139,purchase
1226,2459,checkout
1227,8,product_view
1228,2592,purchase
1229,2516,product_view
1230,320,product_view
1231,1418,add_to_cart
1232,2317,homepage_view
1233,3263,add_to_cart
1234,3933,homepage_view
1235,1699,homepage_view
1236,2109,product_view
1237,1462,product_view
1238,1288,homepage_view
1239,2845,purchase
1240,1119,product_view
1241,553,homepage_view
1242,2974,product_view
1243,3542,checkout
1244,661,product_view
1245,716,homepage_view
1246,2827,homepage_view
1247,3586,product_view
1248,3762,product_view
1249,2242,add_to_cart
1250,2530,purchase
1251,3971,homepage_view
1252,3408,checkout
1253,1459,purchase
1254,3268,purchase
1255,855,purchase
1256,3321,checkout
1257,2546,add_to_cart
1258,2260,product_view
1259,665,product_view
1260,2718,checkout
1261,3538,product_view
1262,1898,homepage_view
1263,1675,homepage_view
1264,2269,checkout
1265,273,checkout
1266,1178,product_view
1267,1273,homepage_view
1268,279,add_to_cart
1269,3512,homepage_view
1270,816,product_view
1271,276,product_view
1272,1005,purchase
1273,2562,product_view
1274,3160,product_view
1275,3871,add_to_cart
1276,923,product_view
1277,642,homepage_view
1278,505,product_view
1279,2638,purchase
1280,772,product_view
1281,1265,add_to_cart
1282,3725,purchase
1283,2788,checkout
1284,2723,add_to_cart
1285,1260,add_to_cart
1286,1014,purchase
1287,128,purchase
1288,2551,purchase
1289,1224,add_to_cart
1290,2950,product_view
1291,2591,homepage_view
1292,1526,product_view
1293,1674,purchase
1294,492,checkout
1295,3093,product_view
1296,1258,product_view
1297,2762,product_view
1298,2839,product_view
1299,1667,add_to_cart
1300,416,product_view
1301,2196,homepage_view
1302,970,product_view
1303,2077,homepage_view
1304,1385,purchase
1305,308,product_view
1306,3955,purchase
1307,2210,homepage_view
1308,2917,homepage_view
1309,2900,add_to_cart
1310,61,checkout
1311,2173,product_view
1312,1480,homepage_view
1313,3143,homepage_view
1314,2886,add_to_cart
1315,1931,homepage_view
1316,3948,product_view
1317,2514,add_to_cart
1318,2291,homepage_view
1319,1514,homepage_view
1320,3833,homepage_view
1321,3293,purchase
1322,473,product_view
1323,959,purchase
1324,533,homepage_view
1325,494,add_to_cart
1326,2947,homepage_view
1327,82,product_view
1328,2904,checkout
1329,879,checkout
1330,1546,checkout
1331,2971,checkout
1332,12,homepage_view
1333,1287,product_view
1334,3729,product_view
1335,449,checkout
1336,3264,homepage_view
1337,762,purchase
1338,3186,product_view
1339,26,add_to_cart
1340,1807,homepage_view
1341,3571,product_view
1342,2556,add_to_cart
1343,1569,product_view
1344,62,purchase
1345,229,add_to_cart
1346,1839,product_view
1347,607,checkout
1348,1059,add_to_cart
1349,1729,add_to_cart
1350,1480,homepage_view
1351,3660,product_view
1352,2939,add_to_cart
1353,1526,checkout
1354,761,product_view
1355,595,homepage_view
1356,3097,add_to_cart
1357,1593,homepage_view
1358,1056,add_to_cart
1359,1855,add_to_cart
1360,3084,product_view
1361,3391,checkout
1362,3917,product_view
1363,3676,add_to_cart
1364,2049,homepage_view
1365,1459,product_view
1366,1862,checkout
1367,1160,homepage_view
1368,1220,product_view
1369,133,product_view
1370,86,homepage_view
1371,1500,homepage_view
1372,1831,homepage_view
1373,3863,purchase
1374,3396,add_to_cart
1375,1204,product_view
1376,2564,checkout
1377,3710,homepage_view
1378,175,product_view
1379,2811,homepage_view
1380,3093,homepage_view
1381,3045,checkout
1382,1976,homepage_view
1383,3177,checkout
1384,578,product_view
1385,3515,homepage_view
1386,1799,add_to_cart
1387,2097,add_to_cart
1388,2576,product_view
1389,145,homepage_view
1390,3412,homepage_view
1391,762,purchase
1392,3927,product_view
1393,1378,homepage_view
1394,3147,checkout
1395,1826,homepage_view
1396,929,homepage_view
1397,794,homepage_view
1398,1602,product_view
1399,1661,homepage_view
1400,319,product_view
1401,1111,checkout
1402,1577,homepage_view
1403,698,product_view
1404,3938,product_view
1405,3964,add_to_cart
1406,847,purchase
1407,1802,product_view
1408,783,homepage_view
1409,2090,product_view
1410,1117,homepage_view
1411,3769,add_to_cart
1412,1751,homepage_view
1413,3579,homepage_view
1414,2577,product_view
1415,3337,homepage_view
1416,1650,product_view
1417,292,homepage_view
1418,969,purchase
1419,1488,homepage_view
1420,3876,purchase
1421,3632,product_view
1422,1843,checkout
1423,97,homepage_view
1424,3959,add_to_cart
1425,1119,product_view
1426,3398,product_view
1427,74,add_to_cart
1428,1360,add_to_cart
1429,1092,product_view
1430,758,homepage_view
1431,1942,homepage_view
1432,3149,product_view
1433,208,homepage_view
1434,3956,homepage_view
1435,3838,homepage_view
1436,1245,homepage_view
1437,1286,product_view
1438,410,add_to_cart
1439,2379,purchase
1440,2392,product_view
1441,3037,purchase
1442,771,add_to_cart
1443,1844,purchase
1444,74,checkout
1445,1661,add_to_cart
1446,3772,product_view
1447,254,homepage_view
1448,3007,homepage_view
1449,3905,purchase
1450,820,purchase
1451,3819,add_to_cart
1452,986,checkout
1453,3834,purchase
1454,332,product_view
1455,1422,add_to_cart
1456,3417,product_view
1457,3656,product_view
1458,2795,homepage_view
1459,836,product_view
1460,1692,add_to_cart
1461,455,product_view
1462,1930,checkout
1463,1139,product_view
1464,313,homepage_view
1465,1018,checkout
1466,228,add_to_cart
1467,2882,homepage_view
1468,858,product_view
1469,1269,product_view
1470,2866,purchase
1471,3598,add_to_cart
1472,1018,homepage_view
1473,2576,product_view
1474,950,checkout
1475,427,add_to_cart
1476,2090,checkout
1477,465,homepage_view
1478,1646,checkout
1479,278,add_to_cart
1480,2884,add_to_cart
1481,19,product_view
1482,66,checkout
1483,167,add_to_cart
1484,1609,checkout
1485,3068,product_view
1486,403,homepage_view
1487,3984,product_view
1488,3894,product_view
1489,409,product_view
1490,2160,product_view
1491,3346,product_view
1492,3479,checkout
1493,3445,homepage_view
1494,597,product_view
1495,2699,checkout
1496,1063,product_view
1497,2153,add_to_cart
1498,324,product_view
1499,3865,product_view
1500,1983,homepage_view
1501,3040,product_view
1502,1438,purchase
1503,429,product_view
1504,2683,homepage_view
1505,2778,checkout
1506,2937,product_view
1507,1085,homepage_view
1508,1636,checkout
1509,3379,homepage_view
1510,1378,purchase
1511,393,product_view
1512,2252,add_to_cart
1513,2306,product_view
1514,2534,homepage_view
1515,1541,add_to_cart
1516,446,purchase
1517,3781,checkout
1518,1204,add_to_cart
1519,1024,purchase
1520,342,homepage_view
1521,133,homepage_view
1522,2491,homepage_view
1523,1860,add_to_cart
1524,2301,checkout
1525,265,add_to_cart
1526,93,purchase
1527,1686,add_to_cart
1528,1435,product_view
1529,2186,homepage_view
1530,1232,purchase
1531,1002,homepage_view
1532,1661,product_view
1533,3818,product_view
1534,1597,homepage_view
1535,2355,add_to_cart
1536,266,homepage_view
1537,646,purchase
1538,2366,product_view
1539,1137,add_to_cart
1540,2949,add_to_cart
1541,1402,add_to_cart
1542,454,purchase
1543,2239,homepage_view
1544,1915,homepage_view
1545,1464,homepage_view
1546,1211,checkout
1547,831,purchase
1548,1391,product_view
1549,1113,add_to_cart
1550,2235,homepage_view
1551,2867,homepage_view
1552,1970,add_to_cart
1553,3069,homepage_view
1554,2180,product_view
1555,872,add_to_cart
1556,635,checkout
1557,3632,product_view
1558,3872,add_to_cart
1559,1400,product_view
1560,691,homepage_view
1561,2740,add_to_cart
1562,3171,homepage_view
1563,1866,homepage_view
1564,1058,product_view
1565,1956,checkout
1566,582,homepage_view
1567,2219,homepage_view
1568,1390,homepage_view
1569,784,product_view
1570,3131,add_to_cart
1571,181,homepage_view
1572,19,checkout
1573,1250,add_to_cart
1574,3545,add_to_cart
1575,3167,product_view
1576,2929,product_view
1577,3369,product_view
1578,1617,product_view
1579,2223,homepage_view
1580,1246,add_to_cart
1581,1639,product_view
1582,54,homepage_view
1583,2743,homepage_view
1584,2911,homepage_view
1585,1427,purchase
1586,3390,homepage_view
1587,3939,checkout
1588,2397,product_view
1589,443,checkout
1590,2881,product_view
1591,580,purchase
1592,3612,homepage_view
1593,3858,product_view
1594,282,homepage_view
1595,2408,product_view
1596,2963,product_view
1597,823,add_to_cart
1598,3703,product_view
1599,2940,homepage_view
1600,3001,add_to_cart
1601,1670,product_view
1602,641,homepage_view
1603,1032,purchase
1604,2017,purchase
1605,563,checkout
1606,2539,checkout
1607,341,homepage_view
1608,472,purchase
1609,3865,product_view
1610,1711,homepage_view
1611,3767,checkout
1612,3776,homepage_view
1613,2297,product_view
1614,235,homepage_view
1615,1107,product_view
1616,1117,product_view
1617,1909,product_view
1618,1418,homepage_view
1619,824,product_view
1620,1292,product_view
1621,3489,homepage_view
1622,632,purchase
1623,3655,product_view
1624,529,checkout
1625,3325,homepage_view
1626,1981,product_view
1627,2170,homepage_view
1628,2940,product_view
1629,2058,homepage_view
1630,3871,product_view
1631,1340,product_view
1632,2886,homepage_view
1633,1297,add_to_cart
1634,1330,purchase
1635,3877,homepage_view
1636,1234,add_to_cart
1637,1982,add_to_cart
1638,1754,product_view
1639,2801,checkout
1640,2934,purchase
1641,2512,product_view
1642,2760,add_to_cart
1643,2776,add_to_cart
1644,2765,product_view
1645,1949,product_view
1646,3488,purchase
1647,3288,checkout
1648,2128,homepage_view
1649,3851,homepage_view
1650,2528,purchase
1651,902,homepage_view
1652,891,add_to_cart
1653,1571,homepage_view
1654,1825,homepage_view
1655,2066,homepage_view
1656,1189,product_view
1657,1549,homepage_view
1658,202,add_to_cart
1659,741,add_to_cart
1660,1370,product_view
1661,1390,add_to_cart
1662,2001,product_view
1663,1472,product_view
1664,1537,product_view
1665,319,product_view
1666,2265,purchase
1667,1058,add_to_cart
1668,1895,product_view
1669,2314,add_to_cart
1670,3712,product_view
1671,724,homepage_view
1672,2823,product_view
1673,3896,add_to_cart
1674,3152,product_view
1675,1701,checkout
1676,413,product_view
1677,1276,product_view
1678,3084,purchase
1679,401,product_view
1680,1840,checkout
1681,724,checkout
1682,2330,purchase
1683,1136,homepage_view
1684,2771,homepage_view
1685,3450,checkout
1686,751,product_view
1687,268,product_view
1688,3989,homepage_view
1689,2346,homepage_view
1690,1341,product_view
1691,570,homepage_view
1692,2557,homepage_view
1693,1974,homepage_view
1694,546,homepage_view
1695,2823,checkout
1696,365,add_to_cart
1697,547,homepage_view
1698,271,homepage_view
1699,3546,product_view
1700,739,product_view
1701,2585,checkout
1702,1258,checkout
1703,59,checkout
1704,1275,product_view
1705,1871,product_view
1706,86,add_to_cart
1707,763,homepage_view
1708,390,homepage_view
1709,1204,homepage_view
1710,719,product_view
1711,2904,homepage_view
1712,149,homepage_view
1713,583,add_to_cart
1714,121,purchase
1715,2813,homepage_view
1716,2653,product_view
1717,2304,homepage_view
1718,766,purchase
1719,2912,homepage_view
1720,800,checkout
1721,3381,homepage_view
1722,2107,checkout
1723,1022,homepage_view
1724,3141,homepage_view
1725,1470,homepage_view
1726,2436,homepage_view
1727,1110,checkout
1728,2834,add_to_cart
1729,1251,product_view
1730,2641,purchase
1731,1650,product_view
1732,3256,purchase
1733,1816,homepage_view
1734,1346,purchase
1735,2957,homepage_view
1736,1342,product_view
1737,2614,product_view
1738,2447,product_view
1739,1733,product_view
1740,899,product_view
1741,3365,purchase
1742,2341,purchase
1743,485,purchase
1744,3971,purchase
1745,3519,checkout
1746,803,purchase
1747,1716,checkout
1748,1916,product_view
1749,3484,checkout
1750,3580,purchase
1751,1758,add_to_cart
1752,1810,product_view
1753,2938,homepage_view
1754,2292,checkout
1755,1444,purchase
1756,1953,product_view
1757,3008,homepage_view
1758,3226,product_view
1759,2864,add_to_cart
1760,3496,product_view
1761,2321,add_to_cart
1762,1671,purchase
1763,1849,add_to_cart
1764,520,product_view
1765,1152,purchase
1766,1397,product_view
1767,2616,homepage_view
1768,2686,product_view
1769,2207,add_to_cart
1770,3643,checkout
1771,3642,purchase
1772,652,product_view
1773,2224,homepage_view
1774,1951,homepage_view
1775,2668,add_to_cart
1776,211,checkout
1777,2495,product_view
1778,586,product_view
1779,167,purchase
1780,2508,purchase
1781,2964,homepage_view
1782,3429,checkout
1783,3376,add_to_cart
1784,1257,homepage_view
1785,3399,product_view
1786,3956,homepage_view
1787,1206,homepage_view
1788,3706,add_to_cart
1789,3406,product_view
1790,1739,product_view
1791,1053,product_view
1792,714,homepage_view
1793,3165,add_to_cart
1794,2889,product_view
1795,2916,product_view
1796,688,purchase
1797,330,product_view
1798,1747,add_to_cart
1799,1208,product_view
1800,2143,checkout
1801,785,checkout
1802,2697,homepage_view
1803,3821,add_to_cart
1804,2401,homepage_view
1805,2978,purchase
1806,941,product_view
1807,3032,checkout
1808,1289,product_view
1809,3719,add_to_cart
1810,1680,purchase
1811,3091,checkout
1812,3815,homepage_view
1813,2694,product_view
1814,626,product_view
1815,3571,product_view
1816,139,product_view
1817,3709,product_view
1818,2764,product_view
1819,3645,homepage_view
1820,762,product_view
1821,1834,homepage_view
1822,3597,homepage_view
1823,3980,add_to_cart
1824,2303,homepage_view
1825,3157,product_view
1826,3530,product_view
1827,1556,product_view
1828,3634,add_to_cart
1829,676,product_view
1830,92,homepage_view
1831,3672,checkout
1832,1093,purchase
1833,37,homepage_view
1834,3837,product_view
1835,1788,product_view
1836,2188,homepage_view
1837,2915,product_view
1838,3965,add_to_cart
1839,2728,homepage_view
1840,3638,purchase
1841,3970,product_view
1842,1202,product_view
1843,3881,checkout
1844,1837,homepage_view
1845,1895,product_view
1846,3690,product_view
1847,137,product_view
1848,2238,product_view
1849,1664,homepage_view
1850,2390,homepage_view
1851,1583,homepage_view
1852,3077,purchase
1853,972,homepage_view
1854,3329,homepage_view
1855,3884,purchase
1856,662,add_to_cart
1857,3878,product_view
1858,2291,homepage_view
1859,1811,add_to_cart
1860,3792,homepage_view
1861,415,add_to_cart
1862,3699,purchase
1863,2755,product_view
1864,343,homepage_view
1865,2730,add_to_cart
1866,3451,product_view
1867,3666,product_view
1868,3738,product_view
1869,2701,add_to_cart
1870,3898,product_view
1871,146,purchase
1872,323,checkout
1873,2170,homepage_view
1874,1276,add_to_cart
1875,1879,homepage_view
1876,3971,checkout
1877,2359,homepage_view
1878,601,product_view
1879,475,checkout
1880,2618,homepage_view
1881,1516,checkout
1882,575,add_to_cart
1883,347,product_view
1884,2868,product_view
1885,1511,purchase
1886,3545,homepage_view
1887,382,add_to_cart
1888,1304,add_to_cart
1889,72,purchase
1890,2569,add_to_cart
1891,3438,add_to_cart
1892,2981,purchase
1893,1118,checkout
1894,1397,add_to_cart
1895,2387,homepage_view
1896,3509,product_view
1897,1360,add_to_cart
1898,664,product_view
1899,1516,product_view
1900,3989,homepage_view
1901,1892,product_view
1902,40,homepage_view
1903,1383,homepage_view
1904,2031,product_view
1905,2622,checkout
1906,1278,product_view
1907,966,homepage_view
1908,2629,homepage_view
1909,3470,product_view
1910,3829,checkout
1911,1901,add_to_cart
1912,2218,homepage_view
1913,3762,product_view
1914,701,checkout
1915,511,homepage_view
1916,1284,product_view
1917,584,product_view
1918,984,homepage_view
1919,459,homepage_view
1920,2577,product_view
1921,1906,homepage_view
1922,2389,homepage_view
1923,2105,product_view
1924,2266,homepage_view
1925,2667,product_view
1926,816,homepage_view
1927,3757,product_view
1928,2779,checkout
1929,2512,add_to_cart
1930,247,product_view
1931,730,homepage_view
1932,2421,add_to_cart
1933,417,homepage_view
1934,1055,homepage_view
1935,368,add_to_cart
1936,2607,purchase
1937,3718,product_view
1938,108,homepage_view
1939,2632,checkout
1940,839,homepage_view
1941,418,checkout
1942,1644,product_view
1943,821,product_view
1944,1422,product_view
1945,3344,purchase
1946,683,checkout
1947,3188,product_view
1948,3913,add_to_cart
1949,3658,add_to_cart
1950,256,add_to_cart
1951,3153,checkout
1952,2828,homepage_view
1953,3200,product_view
1954,838,purchase
1955,2963,purchase
1956,2283,homepage_view
1957,553,homepage_view
1958,181,purchase
1959,157,product_view
1960,1478,product_view
1961,571,homepage_view
1962,857,checkout
1963,1785,homepage_view
1964,1728,homepage_view
1965,1048,homepage_view
1966,1497,purchase
1967,1424,add_to_cart
1968,2996,checkout
1969,592,product_view
1970,2182,purchase
1971,421,checkout
1972,2261,add_to_cart
1973,2948,purchase
1974,2530,product_view
1975,348,add_to_cart
1976,166,purchase
1977,937,checkout
1978,348,product_view
1979,2897,homepage_view
1980,398,add_to_cart
1981,583,product_view
1982,2774,homepage_view
1983,3507,checkout
1984,1601,product_view
1985,3293,product_view
1986,308,add_to_cart
1987,3039,product_view
1988,2846,homepage_view
1989,3769,product_view
1990,2767,homepage_view
1991,2514,homepage_view
1992,99,homepage_view
1993,1266,homepage_view
1994,158,product_view
1995,2658,product_view
1996,554,purchase
1997,651,product_view
1998,3867,add_to_cart
1999,2968,product_view
2000,2275,add_to_cart
2001,2471,add_to_cart
2002,3144,product_view
2003,2291,homepage_view
2004,2578,product_view
2005,3661,add_to_cart
2006,1069,product_view
2007,1496,checkout
2008,2419,homepage_view
2009,1879,homepage_view
2010,2700,add_to_cart
2011,2737,checkout
2012,734,product_view
2013,1951,add_to_cart
2014,92,homepage_view
2015,3094,product_view
2016,2220,checkout
2017,1628,checkout
2018,1216,homepage_view
2019,1101,product_view
2020,1305,add_to_cart
2021,1388,homepage_view
2022,179,add_to_cart
2023,2286,product_view
2024,3207,homepage_view
2025,2925,checkout
2026,2950,homepage_view
2027,280,purchase
2028,1043,checkout
2029,1619,add_to_cart
2030,2788,homepage_view
2031,371,purchase
2032,1801,checkout
2033,3184,homepage_view
2034,3835,product_view
2035,3748,homepage_view
2036,2918,purchase
2037,1704,checkout
2038,3067,purchase
2039,2269,checkout
2040,2968,product_view
2041,304,homepage_view
2042,3775,homepage_view
2043,1349,homepage_view
2044,1461,product_view
2045,2486,purchase
2046,1194,purchase
2047,2423,homepage_view
2048,3629,add_to_cart
2049,2429,add_to_cart
2050,3034,product_view
2051,2062,add_to_cart
2052,2791,product_view
2053,669,purchase
2054,500,add_to_cart
2055,3718,add_to_cart
2056,1415,homepage_view
2057,1573,homepage_view
2058,2613,product_view
2059,530,checkout
2060,2007,purchase
2061,2540,product_view
2062,3622,checkout
2063,3771,product_view
2064,3457,homepage_view
2065,1220,add_to_cart
2066,755,checkout
2067,2348,homepage_view
2068,815,product_view
2069,2595,product_view
2070,727,homepage_view
2071,731,purchase
2072,828,add_to_cart
2073,2650,homepage_view
2074,1332,homepage_view
2075,2047,purchase
2076,3324,add_to_cart
2077,3080,add_to_cart
2078,2816,homepage_view
2079,875,checkout
2080,3280,product_view
2081,2985,add_to_cart
2082,2179,purchase
2083,3808,homepage_view
2084,3781,product_view
2085,2004,homepage_view
2086,1678,product_view
2087,3836,homepage_view
2088,608,purchase
2089,2074,product_view
2090,3695,add_to_cart
2091,1478,checkout
2092,635,purchase
2093,1210,product_view
2094,484,product_view
2095,2728,homepage_view
2096,1075,homepage_view
2097,1915,add_to_cart
2098,2053,homepage_view
2099,589,product_view
2100,3232,homepage_view
2101,2256,add_to_cart
2102,2305,product_view
2103,1229,homepage_view
2104,3839,homepage_view
2105,1974,product_view
2106,2059,add_to_cart
2107,949,product_view
2108,2056,checkout
2109,3481,homepage_view
2110,2984,homepage_view
2111,2080,homepage_view
2112,2008,product_view
2113,2588,add_to_cart
2114,1742,homepage_view
2115,3053,add_to_cart
2116,387,product_view
2117,1252,purchase
2118,2688,add_to_cart
2119,1791,add_to_cart
2120,1499,product_view
2121,3796,purchase
2122,3823,purchase
2123,207,product_view
2124,3390,product_view
2125,1819,product_view
2126,1781,product_view
2127,2605,product_view
2128,3689,homepage_view
2129,2396,purchase
2130,793,product_view
2131,2282,checkout
2132,1725,product_view
2133,3116,add_to_cart
2134,1006,product_view
2135,2785,add_to_cart
2136,942,product_view
2137,1166,product_view
2138,3720,checkout
2139,2224,homepage_view
2140,1678,product_view
2141,449,homepage_view
2142,592,checkout
2143,82,homepage_view
2144,2183,add_to_cart
2145,3791,homepage_view
2146,2904,product_view
2147,3249,checkout
2148,1407,homepage_view
2149,3315,add_to_cart
2150,3639,homepage_view
2151,3213,product_view
2152,1481,product_view
2153,2488,product_view
2154,1080,add_to_cart
2155,3599,add_to_cart
2156,2745,homepage_view
2157,3898,product_view
2158,419,homepage_view
2159,88,checkout
2160,3681,checkout
2161,2704,homepage_view
2162,3080,homepage_view
2163,3549,homepage_view
2164,215,purchase
2165,3757,checkout
2166,1759,product_view
2167,2600,product_view
2168,1521,homepage_view
2169,1718,add_to_cart
2170,2551,add_to_cart
2171,3854,product_view
2172,2747,checkout
2173,2293,product_view
2174,1502,homepage_view
2175,309,add_to_cart
2176,231,product_view
2177,3455,purchase
2178,155,product_view
2179,1199,product_view
2180,2896,add_to_cart
2181,115,product_view
2182,1414,product_view
2183,311,purchase
2184,993,product_view
2185,2348,homepage_view
2186,1042,checkout
2187,2832,homepage_view
2188,12,homepage_view
2189,1428,add_to_cart
2190,3885,homepage_view
2191,3776,purchase
2192,2280,product_view
2193,3003,add_to_cart
2194,3677,homepage_view
2195,2014,homepage_view
2196,730,add_to_cart
2197,1302,product_view
2198,1377,checkout
2199,3066,homepage_view
2200,2037,add_to_cart
2201,3047,homepage_view
2202,2351,add_to_cart
2203,541,add_to_cart
2204,2518,homepage_view
2205,2861,product_view
2206,77,homepage_view
2207,3068,product_view
2208,3593,add_to_cart
2209,24,homepage_view
2210,1039,purchase
2211,676,product_view
2212,2573,purchase
2213,2395,homepage_view
2214,172,purchase
2215,1893,homepage_view
2216,3399,product_view
2217,2760,purchase
2218,3557,homepage_view
2219,489,homepage_view
2220,1486,checkout
2221,2426,add_to_cart
2222,3660,product_view
2223,3236,homepage_view
2224,2420,add_to_cart
2225,3645,homepage_view
2226,3048,purchase
2227,3025,add_to_cart
2228,3496,add_to_cart
2229,757,homepage_view
2230,2525,checkout
2231,2430,product_view
2232,155,checkout
2233,257,homepage_view
2234,1780,add_to_cart
2235,674,product_view
2236,2116,homepage_view
2237,2392,product_view
2238,3349,homepage_view
2239,673,product_view
2240,2439,product_view
2241,1473,product_view
2242,259,add_to_cart
2243,307,product_view
2244,3919,homepage_view
2245,1119,add_to_cart
2246,2998,purchase
2247,3536,product_view
2248,3018,homepage_view
2249,246,product_view
2250,2781,add_to_cart
2251,1659,add_to_cart
2252,187,add_to_cart
2253,1798,homepage_view
2254,925,checkout
2255,785,product_view
2256,3445,homepage_view
2257,1596,homepage_view
2258,3478,product_view
2259,2456,add_to_cart
2260,3197,add_to_cart
2261,1361,purchase
2262,341,homepage_view
2263,563,purchase
2264,3250,add_to_cart
2265,651,product_view
2266,3000,checkout
2267,3911,add_to_cart
2268,1194,product_view
2269,3111,checkout
2270,69,add_to_cart
2271,3308,add_to_cart
2272,1584,checkout
2273,2429,product_view
2274,2105,add_to_cart
2275,1301,add_to_cart
2276,2898,product_view
2277,1123,homepage_view
2278,916,checkout
2279,3599,homepage_view
2280,2373,add_to_cart
2281,461,purchase
2282,2227,product_view
2283,844,homepage_view
2284,574,homepage_view
2285,119,product_view
2286,3541,purchase
2287,2597,product_view
2288,646,homepage_view
2289,1479,add_to_cart
2290,2074,add_to_cart
2291,1514,product_view
2292,2032,add_to_cart
2293,1032,product_view
2294,969,checkout
2295,2011,product_view
2296,1540,homepage_view
2297,2581,checkout
2298,3999,product_view
2299,2197,homepage_view
2300,1512,purchase
2301,1049,add_to_cart
2302,655,homepage_view
2303,3829,add_to_cart
2304,1955,checkout
2305,2993,add_to_cart
2306,555,homepage_view
2307,425,add_to_cart
2308,293,add_to_cart
2309,1209,checkout
2310,2602,homepage_view
2311,431,add_to_cart
2312,2652,homepage_view
2313,317,add_to_cart
2314,398,purchase
2315,1348,homepage_view
2316,1589,product_view
2317,596,add_to_cart
2318,2594,add_to_cart
2319,2124,product_view
2320,2913,add_to_cart
2321,1944,checkout
2322,916,add_to_cart
2323,2757,add_to_cart
2324,2534,product_view
2325,3870,purchase
2326,3160,homepage_view
2327,2795,homepage_view
2328,1256,product_view
2329,3079,add_to_cart
2330,3876,checkout
2331,2598,homepage_view
2332,976,checkout
2333,1076,checkout
2334,3727,add_to_cart
2335,2990,checkout
2336,2967,homepage_view
2337,3468,homepage_view
2338,1245,checkout
2339,1452,product_view
2340,3824,homepage_view
2341,1167,add_to_cart
2342,3933,checkout
2343,2029,add_to_cart
2344,363,product_view
2345,2430,product_view
2346,3633,add_to_cart
2347,3349,homepage_view
2348,2319,homepage_view
2349,3086,product_view
2350,2346,add_to_cart
2351,3052,product_view
2352,3536,homepage_view
2353,3599,homepage_view
2354,234,homepage_view
2355,2623,homepage_view
2356,1732,product_view
2357,27,product_view
2358,1495,product_view
2359,93,product_view
2360,2665,homepage_view
2361,309,product_view
2362,52,homepage_view
2363,319,homepage_view
2364,1993,homepage_view
2365,181,purchase
2366,1593,product_view
2367,3192,purchase
2368,3892,product_view
2369,2923,product_view
2370,3115,checkout
2371,647,homepage_view
2372,3957,homepage_view
2373,1962,purchase
2374,1284,product_view
2375,2245,homepage_view
2376,2693,homepage_view
2377,3019,purchase
2378,2303,checkout
2379,2025,product_view
2380,2780,homepage_view
2381,336,checkout
2382,1577,product_view
2383,1526,product_view
2384,990,add_to_cart
2385,2948,product_view
2386,1279,add_to_cart
2387,514,checkout
2388,2030,checkout
2389,3779,product_view
2390,242,homepage_view
2391,2197,homepage_view
2392,1734,product_view
2393,3371,product_view
2394,2805,product_view
2395,3922,homepage_view
2396,2668,homepage_view
2397,2501,product_view
2398,3465,product_view
2399,2260,add_to_cart
2400,668,product_view
2401,3610,add_to_cart
2402,594,add_to_cart
2403,3667,product_view
2404,2179,homepage_view
2405,3401,product_view
2406,2660,product_view
2407,256,homepage_view
2408,1503,purchase
2409,561,product_view
2410,3985,add_to_cart
2411,2111,product_view
2412,1335,homepage_view
2413,407,homepage_view
2414,2850,add_to_cart
2415,3177,homepage_view
2416,3689,homepage_view
2417,1861,purchase
2418,2063,product_view
2419,1711,homepage_view
2420,259,product_view
2421,723,add_to_cart
2422,3484,product_view
2423,1283,homepage_view
2424,614,product_view
2425,3332,homepage_view
2426,3928,add_to_cart
2427,1695,add_to_cart
2428,3117,homepage_view
2429,1979,homepage_view
2430,813,product_view
2431,1787,product_view
2432,331,homepage_view
2433,2213,homepage_view
2434,1217,purchase
2435,1545,homepage_view
2436,3473,purchase
2437,1398,homepage_view
2438,3137,homepage_view
2439,387,product_view
2440,1519,homepage_view
2441,1818,homepage_view
2442,3765,homepage_view
2443,3487,purchase
2444,1818,product_view
2445,1815,product_view
2446,3102,add_to_cart
2447,3338,add_to_cart
2448,2376,add_to_cart
2449,1516,product_view
2450,1241,homepage_view
2451,320,homepage_view
2452,3990,homepage_view
2453,399,homepage_view
2454,1915,homepage_view
2455,105,purchase
2456,696,purchase
2457,3065,homepage_view
2458,330,homepage_view
2459,660,homepage_view
2460,3689,homepage_view
2461,3119,homepage_view
2462,2647,purchase
2463,821,homepage_view
2464,1973,homepage_view
2465,2689,homepage_view
2466,1794,purchase
2467,2362,purchase
2468,3219,add_to_cart
2469,462,product_view
2470,1608,homepage_view
2471,2534,homepage_view
2472,1676,product_view
2473,2458,checkout
2474,2075,homepage_view
2475,3101,product_view
2476,271,add_to_cart
2477,2734,homepage_view
2478,2549,add_to_cart
2479,3325,product_view
2480,385,homepage_view
2481,60,product_view
2482,1131,purchase
2483,220,homepage_view
2484,1465,product_view
2485,2819,homepage_view
2486,1907,add_to_cart
2487,3730,checkout
2488,2612,product_view
2489,1596,homepage_view
2490,2594,purchase
2491,96,add_to_cart
2492,989,product_view
2493,1113,product_view
2494,2876,homepage_view
2495,1946,add_to_cart
2496,2279,product_view
2497,968,product_view
2498,2323,homepage_view
2499,246,product_view
2500,2159,checkout
2501,234,purchase
2502,3350,homepage_view
2503,3549,add_to_cart
2504,2465,product_view
2505,2726,checkout
2506,1152,add_to_cart
2507,1261,purchase
2508,803,purchase
2509,2667,homepage_view
2510,3200,add_to_cart
2511,2755,product_view
2512,2899,homepage_view
2513,1418,homepage_view
2514,2523,homepage_view
2515,655,checkout
2516,2443,product_view
2517,111,checkout
2518,90,add_to_cart
2519,763,add_to_cart
2520,1304,homepage_view
2521,1357,product_view
2522,3296,product_view
2523,3173,homepage_view
2524,2180,checkout
2525,1037,add_to_cart
2526,2505,homepage_view
2527,1465,checkout
2528,98,homepage_view
2529,1144,product_view
2530,293,product_view
2531,1840,homepage_view
2532,1735,add_to_cart
2533,1025,add_to_cart
2534,2620,add_to_cart
2535,2298,homepage_view
2536,652,homepage_view
2537,2197,homepage_view
2538,3467,purchase
2539,2092,homepage_view
2540,1907,product_view
2541,1722,checkout
2542,3692,checkout
2543,1068,checkout
2544,3150,purchase
2545,3298,product_view
2546,2210,product_view
2547,1817,homepage_view
2548,253,homepage_view
2549,132,product_view
2550,3520,homepage_view
2551,1908,add_to_cart
2552,1911,homepage_view
2553,2522,homepage_view
2554,1680,add_to_cart
2555,3850,homepage_view
2556,1133,add_to_cart
2557,2754,purchase
2558,1059,checkout
2559,3539,product_view
2560,1926,purchase
2561,2323,homepage_view
2562,187,add_to_cart
2563,949,homepage_view
2564,2291,homepage_view
2565,264,purchase
2566,1998,product_view
2567,522,checkout
2568,3011,product_view
2569,3750,checkout
2570,1565,purchase
2571,783,product_view
2572,3159,product_view
2573,535,add_to_cart
2574,210,purchase
2575,2094,homepage_view
2576,3539,add_to_cart
2577,1564,product_view
2578,26,homepage_view
2579,3338,homepage_view
2580,175,add_to_cart
2581,1540,checkout
2582,1335,product_view
2583,322,product_view
2584,1603,add_to_cart
2585,1159,product_view
2586,55,purchase
2587,1567,product_view
2588,1610,homepage_view
2589,3603,homepage_view
2590,3228,checkout
2591,1873,purchase
2592,2716,homepage_view
2593,2195,homepage_view
2594,1509,product_view
2595,2647,add_to_cart
2596,2068,add_to_cart
2597,3341,purchase
2598,333,checkout
2599,1579,checkout
2600,907,product_view
2601,2992,product_view
2602,911,add_to_cart
2603,401,product_view
2604,950,homepage_view
2605,1330,homepage_view
2606,2076,product_view
2607,2515,add_to_cart
2608,3332,product_view
2609,3606,homepage_view
2610,3030,product_view
2611,1911,homepage_view
2612,101,add_to_cart
2613,551,product_view
2614,2850,checkout
2615,2401,checkout
2616,3372,add_to_cart
2617,1706,add_to_cart
2618,2344,product_view
2619,353,homepage_view
2620,2956,add_to_cart
2621,3202,product_view
2622,1019,product_view
2623,1180,product_view
2624,1098,purchase
2625,3414,homepage_view
2626,3537,product_view
2627,3162,purchase
2628,3651,checkout
2629,2503,homepage_view
2630,3820,purchase
2631,2760,homepage_view
2632,980,add_to_cart
2633,1356,product_view
2634,739,product_view
2635,977,add_to_cart
2636,1372,homepage_view
2637,2281,homepage_view
2638,1802,add_to_cart
2639,3670,homepage_view
2640,3072,purchase
2641,2150,product_view
2642,953,homepage_view
2643,481,add_to_cart
2644,1238,product_view
2645,108,homepage_view
2646,3237,product_view
2647,973,purchase
2648,1627,product_view
2649,704,product_view
2650,2383,product_view
2651,2134,homepage_view
2652,2782,homepage_view
2653,875,checkout
2654,1448,purchase
2655,3685,homepage_view
2656,3810,product_view
2657,2412,purchase
2658,2108,homepage_view
2659,3554,homepage_view
2660,1274,purchase
2661,560,add_to_cart
2662,117,homepage_view
2663,3811,product_view
2664,874,homepage_view
2665,2963,product_view
2666,968,checkout
2667,3047,product_view
2668,1569,add_to_cart
2669,44,product_view
2670,509,homepage_view
2671,2012,homepage_view
2672,1189,checkout
2673,3440,add_to_cart
2674,3929,homepage_view
2675,1316,product_view
2676,849,checkout
2677,1880,product_view
2678,917,product_view
2679,2946,homepage_view
2680,799,homepage_view
2681,876,checkout
2682,1761,add_to_cart
2683,2334,add_to_cart
2684,3276,checkout
2685,2732,purchase
2686,3596,homepage_view
2687,819,homepage_view
2688,2169,product_view
2689,945,homepage_view
2690,3828,checkout
2691,3736,checkout
2692,3736,add_to_cart
2693,3066,homepage_view
2694,3260,homepage_view
2695,907,product_view
2696,13,checkout
2697,603,product_view
2698,200,homepage_view
2699,2634,homepage_view
2700,1792,purchase
2701,3528,add_to_cart
2702,448,purchase
2703,1812,checkout
2704,3912,product_view
2705,841,homepage_view
2706,3143,product_view
2707,590,add_to_cart
2708,3868,checkout
2709,1154,homepage_view
2710,2937,homepage_view
2711,2091,product_view
2712,520,homepage_view
2713,1037,add_to_cart
2714,725,homepage_view
2715,2671,homepage_view
2716,988,product_view
2717,803,add_to_cart
2718,2583,product_view
2719,2350,homepage_view
2720,3838,checkout
2721,527,homepage_view
2722,1666,homepage_view
2723,3645,add_to_cart
2724,1139,homepage_view
2725,460,product_view
2726,2880,purchase
2727,2553,add_to_cart
2728,3380,add_to_cart
2729,932,product_view
2730,1987,homepage_view
2731,325,product_view
2732,579,product_view
2733,2809,purchase
2734,3247,homepage_view
2735,2899,product_view
2736,1538,purchase
2737,3244,checkout
2738,3008,purchase
2739,2550,add_to_cart
2740,2001,product_view
2741,2382,checkout
2742,2332,homepage_view
2743,475,homepage_view
2744,1078,add_to_cart
2745,1482,add_to_cart
2746,1603,checkout
2747,1444,purchase
2748,3686,checkout
2749,632,homepage_view
2750,703,add_to_cart
2751,2457,checkout
2752,982,purchase
2753,1328,product_view
2754,1959,homepage_view
2755,559,checkout
2756,222,product_view
2757,1557,add_to_cart
2758,2206,product_view
2759,348,product_view
2760,1183,add_to_cart
2761,889,product_view
2762,3956,add_to_cart
2763,922,homepage_view
2764,1259,product_view
2765,2710,product_view
2766,405,add_to_cart
2767,1281,product_view
2768,677,add_to_cart
2769,589,add_to_cart
2770,1621,add_to_cart
2771,2606,add_to_cart
2772,2953,product_view
2773,3985,product_view
2774,3119,product_view
2775,3285,homepage_view
2776,2527,checkout
2777,2535,checkout
2778,1595,product_view
2779,566,product_view
2780,3414,purchase
2781,2572,homepage_view
2782,704,add_to_cart
2783,3575,homepage_view
2784,3078,product_view
2785,2869,checkout
2786,3216,product_view
2787,858,add_to_cart
2788,1285,purchase
2789,585,add_to_cart
2790,2734,add_to_cart
2791,232,add_to_cart
2792,2318,add_to_cart
2793,2988,checkout
2794,3519,purchase
2795,2922,checkout
2796,1246,add_to_cart
2797,52,homepage_view
2798,2164,checkout
2799,538,add_to_cart
2800,3637,checkout
2801,3949,homepage_view
2802,541,purchase
2803,1043,homepage_view
2804,815,homepage_view
2805,1416,add_to_cart
2806,2839,add_to_cart
2807,1653,product_view
2808,2666,add_to_cart
2809,419,product_view
2810,2357,homepage_view
2811,3811,homepage_view
2812,864,checkout
2813,186,homepage_view
2814,261,homepage_view
2815,1552,add_to_cart
2816,1297,product_view
2817,2208,checkout
2818,2918,checkout
2819,762,checkout
2820,224,product_view
2821,1280,product_view
2822,180,add_to_cart
2823,2068,product_view
2824,1648,homepage_view
2825,632,product_view
2826,3778,homepage_view
2827,3540,purchase
2828,3695,checkout
2829,3282,homepage_view
2830,1537,homepage_view
2831,2106,purchase
2832,3165,product_view
2833,3293,checkout
2834,2771,product_view
2835,1964,checkout
2836,3304,add_to_cart
2837,3846,homepage_view
2838,3436,homepage_view
2839,615,product_view
2840,562,purchase
2841,2422,homepage_view
2842,622,add_to_cart
2843,3528,product_view
2844,2136,checkout
2845,3092,checkout
2846,1014,product_view
2847,2062,homepage_view
2848,2181,homepage_view
2849,1961,add_to_cart
2850,3880,product_view
2851,1058,product_view
2852,2940,purchase
2853,3280,product_view
2854,3885,add_to_cart
2855,3271,homepage_view
2856,592,homepage_view
2857,583,product_view
2858,3227,add_to_cart
2859,1614,product_view
2860,1102,checkout
2861,3244,product_view
2862,289,product_view
2863,1569,purchase
2864,3884,product_view
2865,3860,homepage_view
2866,3061,homepage_view
2867,2927,checkout
2868,1444,checkout
2869,7,homepage_view
2870,1184,product_view
2871,240,add_to_cart
2872,1987,purchase
2873,1447,product_view
2874,2584,checkout
2875,1750,product_view
2876,2118,homepage_view
2877,1904,homepage_view
2878,2264,product_view
2879,3176,product_view
2880,3799,purchase
2881,1078,homepage_view
2882,2854,product_view
2883,2378,homepage_view
2884,848,checkout
2885,3275,purchase
2886,1312,homepage_view
2887,2093,product_view
2888,2877,homepage_view
2889,2246,product_view
2890,1240,homepage_view
2891,1505,product_view
2892,1333,add_to_cart
2893,2944,product_view
2894,3507,homepage_view
2895,2380,product_view
2896,696,add_to_cart
2897,27,add_to_cart
2898,3238,homepage_view
2899,2366,checkout
2900,3346,product_view
2901,3455,homepage_view
2902,2413,homepage_view
2903,3175,purchase
2904,960,homepage_view
2905,1527,purchase
2906,1869,product_view
2907,373,product_view
2908,3688,add_to_cart
2909,1950,homepage_view
2910,245,product_view
2911,1841,product_view
2912,3241,checkout
2913,3700,product_view
2914,1677,product_view
2915,3490,homepage_view
2916,3428,add_to_cart
2917,2526,homepage_view
2918,125,homepage_view
2919,537,homepage_view
2920,2754,add_to_cart
2921,1920,product_view
2922,1636,product_view
2923,1426,add_to_cart
2924,1541,purchase
2925,531,checkout
2926,3754,product_view
2927,2834,add_to_cart
2928,254,purchase
2929,2169,product_view
2930,3104,product_view
2931,661,homepage_view
2932,1802,checkout
2933,1061,homepage_view
2934,3761,homepage_view
2935,1366,product_view
2936,1037,checkout
2937,1207,product_view
2938,3729,checkout
2939,3337,checkout
2940,2136,product_view
2941,3534,add_to_cart
2942,2094,product_view
2943,3464,purchase
2944,1143,add_to_cart
2945,2981,purchase
2946,1555,homepage_view
2947,3519,product_view
2948,1756,homepage_view
2949,1966,product_view
2950,745,checkout
2951,1630,product_view
2952,967,homepage_view
2953,763,homepage_view
2954,2810,product_view
2955,794,homepage_view
2956,744,product_view
2957,1070,checkout
2958,3958,product_view
2959,1532,add_to_cart
2960,558,product_view
2961,1995,add_to_cart
2962,526,homepage_view
2963,2645,purchase
2964,3903,add_to_cart
2965,840,homepage_view
2966,3,homepage_view
2967,1052,homepage_view
2968,1405,checkout
2969,157,add_to_cart
2970,2903,product_view
2971,1938,product_view
2972,1955,checkout
2973,511,checkout
2974,3405,add_to_cart
2975,3916,product_view
2976,687,checkout
2977,1138,add_to_cart
2978,1413,product_view
2979,1511,homepage_view
2980,3915,checkout
2981,3322,homepage_view
2982,571,homepage_view
2983,715,checkout
2984,1339,product_view
2985,2287,checkout
2986,3306,product_view
2987,2351,purchase
2988,2655,product_view
2989,991,add_to_cart
2990,3725,product_view
2991,334,homepage_view
2992,2161,product_view
2993,1645,add_to_cart
2994,362,homepage_view
2995,1881,product_view
2996,2849,homepage_view
2997,2145,homepage_view
2998,1982,add_to_cart
2999,3919,purchase
3000,2064,product_view
3001,2604,add_to_cart
3002,1978,purchase
3003,376,add_to_cart
3004,742,add_to_cart
3005,390,homepage_view
3006,2668,product_view
3007,1241,product_view
3008,3471,product_view
3009,3332,checkout
3010,824,product_view
3011,2368,homepage_view
3012,2244,purchase
3013,3550,product_view
3014,418,purchase
3015,3547,product_view
3016,607,homepage_view
3017,568,product_view
3018,544,product_view
3019,2279,homepage_view
3020,884,product_view
3021,2569,product_view
3022,703,add_to_cart
3023,3945,homepage_view
3024,1224,add_to_cart
3025,2894,homepage_view
3026,2721,product_view
3027,1623,homepage_view
3028,2069,homepage_view
3029,3383,product_view
3030,2636,homepage_view
3031,2946,product_view
3032,3725,purchase
3033,3710,product_view
3034,1787,product_view
3035,3972,purchase
3036,1620,purchase
3037,1458,checkout
3038,2419,homepage_view
3039,1584,add_to_cart
3040,1915,checkout
3041,78,checkout
3042,3614,product_view
3043,1309,homepage_view
3044,648,purchase
3045,2188,product_view
3046,553,product_view
3047,998,product_view
3048,282,product_view
3049,3634,homepage_view
3050,1282,product_view
3051,1847,purchase
3052,1384,product_view
3053,2488,product_view
3054,2318,checkout
3055,1158,product_view
3056,2794,product_view
3057,3712,product_view
3058,104,homepage_view
3059,766,homepage_view
3060,2143,add_to_cart
3061,3921,purchase
3062,2777,add_to_cart
3063,1597,homepage_view
3064,480,product_view
3065,2828,homepage_view
3066,3313,product_view
3067,2061,homepage_view
3068,3219,checkout
3069,1964,homepage_view
3070,3824,homepage_view
3071,2649,product_view
3072,2143,homepage_view
3073,3899,add_to_cart
3074,2341,purchase
3075,2073,homepage_view
3076,1296,product_view
3077,1529,purchase
3078,1190,add_to_cart
3079,939,purchase
3080,762,homepage_view
3081,3159,homepage_view
3082,654,homepage_view
3083,1670,product_view
3084,3033,add_to_cart
3085,3863,homepage_view
3086,2686,product_view
3087,3900,homepage_view
3088,2539,checkout
3089,1932,homepage_view
3090,3213,homepage_view
3091,3940,add_to_cart
3092,1127,homepage_view
3093,3298,product_view
3094,1926,product_view
3095,575,checkout
3096,2342,add_to_cart
3097,2944,add_to_cart
3098,1330,purchase
3099,1278,purchase
3100,1204,add_to_cart
3101,40,product_view
3102,2824,add_to_cart
3103,3773,product_view
3104,520,purchase
3105,1640,add_to_cart
3106,3809,homepage_view
3107,2594,homepage_view
3108,2284,homepage_view
3109,463,homepage_view
3110,1252,homepage_view
3111,3772,product_view
3112,1849,homepage_view
3113,483,add_to_cart
3114,2478,homepage_view
3115,3094,homepage_view
3116,343,product_view
3117,3112,checkout
3118,1197,product_view
3119,1463,product_view
3120,1203,product_view
3121,1622,homepage_view
3122,2181,product_view
3123,2399,homepage_view
3124,3597,product_view
3125,3612,add_to_cart
3126,2554,add_to_cart
3127,2132,homepage_view
3128,993,checkout
3129,3536,homepage_view
3130,2878,homepage_view
3131,2909,product_view
3132,2391,add_to_cart
3133,3352,homepage_view
3134,2914,add_to_cart
3135,3335,checkout
3136,1190,homepage_view
3137,2341,product_view
3138,3581,homepage_view
3139,1604,product_view
3140,3298,homepage_view
3141,1194,purchase
3142,598,product_view
3143,645,checkout
3144,448,homepage_view
3145,2738,checkout
3146,3050,checkout
3147,2903,add_to_cart
3148,2550,purchase
3149,764,homepage_view
3150,3599,product_view
3151,735,add_to_cart
3152,3451,add_to_cart
3153,3273,checkout
3154,1643,homepage_view
3155,2298,homepage_view
3156,3481,homepage_view
3157,601,checkout
3158,2173,purchase
3159,2161,product_view
3160,981,product_view
3161,3209,add_to_cart
3162,1783,add_to_cart
3163,3568,homepage_view
3164,3750,add_to_cart
3165,2198,product_view
3166,2923,product_view
3167,2391,homepage_view
3168,580,checkout
3169,3805,checkout
3170,783,add_to_cart
3171,2369,add_to_cart
3172,2870,product_view
3173,3998,add_to_cart
3174,3933,product_view
3175,532,checkout
3176,3361,product_view
3177,1513,add_to_cart
3178,2540,add_to_cart
3179,612,add_to_cart
3180,2300,checkout
3181,2006,product_view
3182,1101,checkout
3183,1671,product_view
3184,1416,purchase
3185,1436,add_to_cart
3186,2221,homepage_view
3187,875,checkout
3188,2249,product_view
3189,217,purchase
3190,376,add_to_cart
3191,3792,homepage_view
3192,1610,product_view
3193,11,product_view
3194,3871,checkout
3195,3840,add_to_cart
3196,3084,product_view
3197,2940,add_to_cart
3198,1614,product_view
3199,2483,homepage_view
3200,3756,homepage_view
3201,3680,product_view
3202,818,homepage_view
3203,3445,homepage_view
3204,1297,homepage_view
3205,2979,checkout
3206,3969,homepage_view
3207,3997,homepage_view
3208,691,homepage_view
3209,1600,product_view
3210,1533,product_view
3211,1156,homepage_view
3212,2903,add_to_cart
3213,1948,add_to_cart
3214,784,product_view
3215,2367,add_to_cart
3216,2892,product_view
3217,1973,homepage_view
3218,1877,add_to_cart
3219,2669,checkout
3220,785,add_to_cart
3221,3240,product_view
3222,397,purchase
3223,3252,product_view
3224,1082,homepage_view
3225,1504,product_view
3226,2034,add_to_cart
3227,1615,checkout
3228,460,product_view
3229,2109,homepage_view
3230,2417,add_to_cart
3231,3193,purchase
3232,2767,homepage_view
3233,546,checkout
3234,3654,product_view
3235,3089,checkout
3236,2544,product_view
3237,497,product_view
3238,505,add_to_cart
3239,3604,purchase
3240,3017,product_view
3241,3387,product_view
3242,1093,homepage_view
3243,3799,homepage_view
3244,2209,checkout
3245,1638,homepage_view
3246,3960,checkout
3247,718,product_view
3248,3217,purchase
3249,1593,homepage_view
3250,3667,homepage_view
3251,3041,homepage_view
3252,1409,checkout
3253,269,product_view
3254,1947,homepage_view
3255,1478,checkout
3256,2747,checkout
3257,1542,checkout
3258,865,homepage_view
3259,2398,product_view
3260,110,add_to_cart
3261,3555,product_view
3262,2455,homepage_view
3263,650,homepage_view
3264,2099,purchase
3265,3475,homepage_view
3266,3635,add_to_cart
3267,1500,product_view
3268,1111,add_to_cart
3269,3140,add_to_cart
3270,596,product_view
3271,979,product_view
3272,3114,add_to_cart
3273,731,product_view
3274,57,checkout
3275,2786,add_to_cart
3276,2244,product_view
3277,1784,product_view
3278,1702,homepage_view
3279,3134,add_to_cart
3280,1287,homepage_view
3281,112,purchase
3282,2813,purchase
3283,711,homepage_view
3284,1202,homepage_view
3285,948,product_view
3286,26,purchase
3287,2458,product_view
3288,758,product_view
3289,2579,add_to_cart
3290,1801,homepage_view
3291,3389,product_view
3292,1556,homepage_view
3293,3178,add_to_cart
3294,2797,homepage_view
3295,1842,product_view
3296,3536,checkout
3297,2294,product_view
3298,1105,add_to_cart
3299,662,homepage_view
3300,909,product_view
3301,2444,homepage_view
3302,522,add_to_cart
3303,1857,homepage_view
3304,1760,homepage_view
3305,2974,homepage_view
3306,2312,product_view
3307,3733,product_view
3308,790,add_to_cart
3309,1298,homepage_view
3310,1730,add_to_cart
3311,172,product_view
3312,265,product_view
3313,1987,checkout
3314,3894,product_view
3315,1050,homepage_view
3316,1493,product_view
3317,1886,purchase
3318,476,product_view
3319,2404,checkout
3320,1050,add_to_cart
3321,34,product_view
3322,2312,add_to_cart
3323,1162,product_view
3324,816,product_view
3325,3767,product_view
3326,2923,add_to_cart
3327,754,product_view
3328,566,homepage_view
3329,462,checkout
3330,3240,add_to_cart
3331,1655,purchase
3332,2703,product_view
3333,81,homepage_view
3334,2805,homepage_view
3335,1938,checkout
3336,3936,homepage_view
3337,870,purchase
3338,1431,homepage_view
3339,3646,checkout
3340,1070,checkout
3341,599,checkout
3342,1635,homepage_view
3343,807,add_to_cart
3344,1935,homepage_view
3345,1077,homepage_view
3346,3032,product_view
3347,704,add_to_cart
3348,2524,homepage_view
3349,2640,purchase
3350,2064,homepage_view
3351,3432,product_view
3352,487,homepage_view
3353,3910,checkout
3354,706,homepage_view
3355,1526,checkout
3356,1165,product_view
3357,620,purchase
3358,3887,homepage_view
3359,3067,product_view
3360,777,add_to_cart
3361,447,checkout
3362,2338,product_view
3363,209,checkout
3364,1499,homepage_view
3365,2461,add_to_cart
3366,2725,product_view
3367,1451,homepage_view
3368,1878,product_view
3369,3443,checkout
3370,3904,purchase
3371,2712,product_view
3372,2338,checkout
3373,3504,product_view
3374,1292,add_to_cart
3375,2199,homepage_view
3376,1743,product_view
3377,1279,homepage_view
3378,3425,homepage_view
3379,1401,product_view
3380,1677,checkout
3381,855,product_view
3382,1382,purchase
3383,2656,checkout
3384,2418,homepage_view
3385,3299,product_view
3386,705,add_to_cart
3387,3375,purchase
3388,826,purchase
3389,1005,checkout
3390,3461,product_view
3391,377,add_to_cart
3392,973,homepage_view
3393,118,homepage_view
3394,3077,add_to_cart
3395,444,checkout
3396,3424,purchase
3397,755,product_view
3398,3605,checkout
3399,3736,checkout
3400,640,add_to_cart
3401,2172,product_view
3402,2706,add_to_cart
3403,1301,add_to_cart
3404,2870,add_to_cart
3405,3466,add_to_cart
3406,2712,checkout
3407,2408,homepage_view
3408,623,product_view
3409,1493,add_to_cart
3410,2009,homepage_view
3411,1652,purchase
3412,1724,homepage_view
3413,3129,product_view
3414,3323,checkout
3415,1920,homepage_view
3416,919,checkout
3417,1174,product_view
3418,2500,homepage_view
3419,1186,purchase
3420,120,homepage_view
3421,582,product_view
3422,1948,homepage_view
3423,3423,homepage_view
3424,2147,checkout
3425,1191,checkout
3426,3882,homepage_view
3427,1687,add_to_cart
3428,3910,checkout
3429,2000,checkout
3430,2562,product_view
3431,2712,checkout
3432,401,product_view
3433,2413,add_to_cart
3434,3649,purchase
3435,1350,homepage_view
3436,2629,homepage_view
3437,1657,product_view
3438,621,homepage_view
3439,2876,homepage_view
3440,247,add_to_cart
3441,2482,product_view
3442,1117,product_view
3443,3340,product_view
3444,2663,homepage_view
3445,2991,product_view
3446,3011,add_to_cart
3447,624,homepage_view
3448,2369,purchase
3449,3995,product_view
3450,1840,purchase
3451,2904,homepage_view
3452,2110,checkout
3453,300,add_to_cart
3454,403,checkout
3455,3003,add_to_cart
3456,1672,purchase
3457,3639,add_to_cart
3458,3692,checkout
3459,3375,checkout
3460,3842,add_to_cart
3461,253,product_view
3462,1758,homepage_view
3463,2526,checkout
3464,1393,product_view
3465,3751,add_to_cart
3466,1965,homepage_view
3467,160,product_view
3468,3009,add_to_cart
3469,3238,add_to_cart
3470,205,product_view
3471,3339,homepage_view
3472,1162,product_view
3473,1392,add_to_cart
3474,3515,homepage_view
3475,858,add_to_cart
3476,760,add_to_cart
3477,1591,purchase
3478,3988,homepage_view
3479,2769,homepage_view
3480,3089,product_view
3481,2116,product_view
3482,133,homepage_view
3483,1724,checkout
3484,2967,product_view
3485,430,product_view
3486,2356,product_view
3487,2698,checkout
3488,1198,homepage_view
3489,2460,homepage_view
3490,97,homepage_view
3491,1707,add_to_cart
3492,1178,checkout
3493,1719,product_view
3494,1266,homepage_view
3495,1328,homepage_view
3496,1309,add_to_cart
3497,1051,homepage_view
3498,3474,checkout
3499,1384,homepage_view
3500,3132,homepage_view
3501,2250,homepage_view
3502,2810,checkout
3503,2922,add_to_cart
3504,581,purchase
3505,2418,product_view
3506,533,homepage_view
3507,1176,product_view
3508,1126,product_view
3509,899,add_to_cart
3510,2655,product_view
3511,1470,homepage_view
3512,2921,homepage_view
3513,1253,add_to_cart
3514,3197,product_view
3515,770,checkout
3516,834,product_view
3517,3047,checkout
3518,1905,product_view
3519,2986,homepage_view
3520,2284,purchase
3521,2210,product_view
3522,554,add_to_cart
3523,2836,add_to_cart
3524,3425,product_view
3525,1092,add_to_cart
3526,1197,checkout
3527,3915,product_view
3528,1661,add_to_cart
3529,3754,add_to_cart
3530,559,homepage_view
3531,261,product_view
3532,2265,homepage_view
3533,1841,add_to_cart
3534,1148,checkout
3535,805,add_to_cart
3536,1186,homepage_view
3537,2249,product_view
3538,3526,checkout
3539,2450,product_view
3540,3534,checkout
3541,275,checkout
3542,206,homepage_view
3543,3112,homepage_view
3544,3345,product_view
3545,1724,add_to_cart
3546,867,checkout
3547,93,add_to_cart
3548,1066,product_view
3549,3537,homepage_view
3550,2427,checkout
3551,3179,homepage_view
3552,1352,add_to_cart
3553,2113,homepage_view
3554,365,homepage_view
3555,821,homepage_view
3556,1508,homepage_view
3557,3719,add_to_cart
3558,2030,homepage_view
3559,1925,purchase
3560,3096,product_view
3561,2588,product_view
3562,1086,product_view
3563,2539,product_view
3564,1297,homepage_view
3565,2277,purchase
3566,1044,product_view
3567,3,homepage_view
3568,3493,add_to_cart
3569,1754,product_view
3570,911,homepage_view
3571,307,purchase
3572,2480,homepage_view
3573,136,product_view
3574,1933,purchase
3575,2563,homepage_view
3576,2241,homepage_view
3577,1609,homepage_view
3578,1439,homepage_view
3579,873,homepage_view
3580,1142,checkout
3581,666,checkout
3582,209,add_to_cart
3583,952,product_view
3584,1058,checkout
3585,649,product_view
3586,1342,product_view
3587,2168,product_view
3588,627,homepage_view
3589,525,purchase
3590,1605,add_to_cart
3591,1869,add_to_cart
3592,769,add_to_cart
3593,3161,add_to_cart
3594,2560,homepage_view
3595,2095,product_view
3596,772,checkout
3597,740,homepage_view
3598,3764,purchase
3599,522,product_view
3600,3356,homepage_view
3601,1401,product_view
3602,3710,checkout
3603,2182,product_view
3604,3739,add_to_cart
3605,248,product_view
3606,3724,add_to_cart
3607,1342,homepage_view
3608,2484,homepage_view
3609,3248,homepage_view
3610,1859,homepage_view
3611,686,homepage_view
3612,586,add_to_cart
3613,2399,product_view
3614,143,homepage_view
3615,967,homepage_view
3616,2852,homepage_view
3617,3470,product_view
3618,3696,homepage_view
3619,718,product_view
3620,643,product_view
3621,3441,product_view
3622,2549,add_to_cart
3623,3694,homepage_view
3624,370,homepage_view
3625,3651,homepage_view
3626,3454,homepage_view
3627,1110,homepage_view
3628,787,add_to_cart
3629,2787,homepage_view
3630,1484,purchase
3631,950,homepage_view
3632,1349,checkout
3633,522,add_to_cart
3634,2537,product_view
3635,1953,product_view
3636,2445,product_view
3637,2944,checkout
3638,355,product_view
3639,947,homepage_view
3640,2336,product_view
3641,1483,homepage_view
3642,1648,purchase
3643,3046,add_to_cart
3644,536,homepage_view
3645,1315,homepage_view
3646,2899,homepage_view
3647,2886,checkout
3648,2216,purchase
3649,950,homepage_view
3650,621,product_view
3651,428,purchase
3652,1726,homepage_view
3653,2538,homepage_view
3654,2403,product_view
3655,2244,homepage_view
3656,545,homepage_view
3657,2765,purchase
3658,824,product_view
3659,2980,product_view
3660,3766,product_view
3661,1003,add_to_cart
3662,659,product_view
3663,2987,homepage_view
3664,2828,homepage_view
3665,2059,add_to_cart
3666,3654,homepage_view
3667,3328,homepage_view
3668,2444,product_view
3669,731,homepage_view
3670,1833,purchase
3671,409,add_to_cart
3672,2410,homepage_view
3673,3331,homepage_view
3674,3075,product_view
3675,84,product_view
3676,2204,checkout
3677,3735,product_view
3678,3248,product_view
3679,707,purchase
3680,1962,product_view
3681,2520,product_view
3682,2667,add_to_cart
3683,1448,checkout
3684,134,add_to_cart
3685,788,add_to_cart
3686,2955,product_view
3687,864,product_view
3688,3452,homepage_view
3689,667,add_to_cart
3690,277,homepage_view
3691,3308,homepage_view
3692,1776,purchase
3693,882,product_view
3694,2061,homepage_view
3695,2390,homepage_view
3696,2083,product_view
3697,2607,product_view
3698,1238,homepage_view
3699,3484,homepage_view
3700,2453,homepage_view
3701,3566,homepage_view
3702,2706,homepage_view
3703,159,product_view
3704,3004,homepage_view
3705,3709,homepage_view
3706,1134,checkout
3707,2597,checkout
3708,3861,homepage_view
3709,3598,homepage_view
3710,3033,product_view
3711,3419,add_to_cart
3712,3816,purchase
3713,1852,product_view
3714,3708,add_to_cart
3715,279,checkout
3716,2527,product_view
3717,111,homepage_view
3718,3708,product_view
3719,3997,homepage_view
3720,2479,homepage_view
3721,542,add_to_cart
3722,1139,homepage_view
3723,3162,homepage_view
3724,3284,checkout
3725,3622,product_view
3726,3667,homepage_view
3727,3611,homepage_view
3728,3801,homepage_view
3729,360,homepage_view
3730,3558,checkout
3731,2420,homepage_view
3732,1239,product_view
3733,1757,homepage_view
3734,3087,purchase
3735,955,add_to_cart
3736,2307,purchase
3737,2826,product_view
3738,3535,checkout
3739,2168,checkout
3740,976,add_to_cart
3741,913,homepage_view
3742,1152,homepage_view
3743,723,homepage_view
3744,2571,homepage_view
3745,1712,add_to_cart
3746,3717,product_view
3747,325,product_view
3748,3392,homepage_view
3749,1530,homepage_view
3750,1550,homepage_view
3751,1074,product_view
3752,1946,add_to_cart
3753,1608,homepage_view
3754,2117,add_to_cart
3755,391,product_view
3756,2431,checkout
3757,16,homepage_view
3758,3511,product_view
3759,846,homepage_view
3760,869,product_view
3761,568,product_view
3762,3689,add_to_cart
3763,2180,homepage_view
3764,2020,homepage_view
3765,3632,add_to_cart
3766,3320,product_view
3767,2321,product_view
3768,1647,checkout
3769,3910,product_view
3770,3920,add_to_cart
3771,3421,add_to_cart
3772,2532,checkout
3773,2598,add_to_cart
3774,357,homepage_view
3775,3824,product_view
3776,3390,purchase
3777,1657,homepage_view
3778,3120,add_to_cart
3779,3082,checkout
3780,2281,add_to_cart
3781,36,product_view
3782,2461,homepage_view
3783,3534,product_view
3784,1028,homepage_view
3785,2092,purchase
3786,2616,add_to_cart
3787,3626,add_to_cart
3788,3327,product_view
3789,2788,homepage_view
3790,114,homepage_view
3791,1773,homepage_view
3792,2445,product_view
3793,1198,product_view
3794,1279,product_view
3795,466,product_view
3796,3349,purchase
3797,1488,homepage_view
3798,847,add_to_cart
3799,502,homepage_view
3800,441,product_view
3801,2117,homepage_view
3802,3581,product_view
3803,326,homepage_view
3804,1766,homepage_view
3805,67,checkout
3806,304,homepage_view
3807,972,product_view
3808,484,product_view
3809,929,product_view
3810,3620,add_to_cart
3811,1441,add_to_cart
3812,3231,homepage_view
3813,149,homepage_view
3814,3099,checkout
3815,3035,product_view
3816,2632,checkout
3817,2296,product_view
3818,1125,add_to_cart
3819,2750,purchase
3820,96,add_to_cart
3821,3456,product_view
3822,282,product_view
3823,2370,product_view
3824,3468,add_to_cart
3825,3350,homepage_view
3826,529,add_to_cart
3827,2311,homepage_view
3828,1643,homepage_view
3829,580,add_to_cart
3830,1664,homepage_view
3831,3365,checkout
3832,2342,checkout
3833,1632,purchase
3834,2443,add_to_cart
3835,2561,product_view
3836,2969,product_view
3837,810,product_view
3838,3252,homepage_view
3839,2968,product_view
3840,693,add_to_cart
3841,235,homepage_view
3842,952,homepage_view
3843,1855,add_to_cart
3844,1361,homepage_view
3845,1032,homepage_view
3846,1467,homepage_view
3847,1965,add_to_cart
3848,539,add_to_cart
3849,820,add_to_cart
3850,1682,homepage_view
3851,3163,add_to_cart
3852,3926,add_to_cart
3853,272,product_view
3854,3906,product_view
3855,1029,product_view
3856,3666,product_view
3857,1923,add_to_cart
3858,1243,homepage_view
3859,1142,product_view
3860,593,product_view
3861,3024,product_view
3862,1606,product_view
3863,115,checkout
3864,2311,checkout
3865,3378,add_to_cart
3866,1678,add_to_cart
3867,1446,homepage_view
3868,207,add_to_cart
3869,3695,product_view
3870,2351,product_view
3871,112,homepage_view
3872,1441,homepage_view
3873,3627,homepage_view
3874,1883,homepage_view
3875,3357,homepage_view
3876,3712,add_to_cart
3877,185,homepage_view
3878,1765,product_view
3879,901,checkout
3880,221,homepage_view
3881,3936,checkout
3882,1468,add_to_cart
3883,3189,product_view
3884,1094,homepage_view
3885,2946,homepage_view
3886,3142,product_view
3887,2670,homepage_view
3888,2475,homepage_view
3889,2692,homepage_view
3890,2616,add_to_cart
3891,2013,homepage_view
3892,2491,add_to_cart
3893,601,homepage_view
3894,1161,checkout
3895,504,homepage_view
3896,2179,add_to_cart
3897,218,product_view
3898,2736,add_to_cart
3899,2219,homepage_view
3900,1499,product_view
3901,612,homepage_view
3902,3040,product_view
3903,1153,homepage_view
3904,57,product_view
3905,1205,homepage_view
3906,246,homepage_view
3907,144,add_to_cart
3908,3123,purchase
3909,368,product_view
3910,1483,add_to_cart
3911,2266,product_view
3912,616,product_view
3913,3967,homepage_view
3914,3639,homepage_view
3915,3329,checkout
3916,1882,product_view
3917,3228,add_to_cart
3918,1589,product_view
3919,2490,product_view
3920,2889,product_view
3921,3004,product_view
3922,699,homepage_view
3923,876,product_view
3924,1686,product_view
3925,2824,purchase
3926,2810,product_view
3927,945,add_to_cart
3928,3882,homepage_view
3929,923,homepage_view
3930,2983,checkout
3931,1747,add_to_cart
3932,25,product_view
3933,2854,product_view
3934,3925,homepage_view
3935,1688,add_to_cart
3936,1560,homepage_view
3937,2812,add_to_cart
3938,1084,product_view
3939,3539,homepage_view
3940,434,checkout
3941,2927,purchase
3942,1090,homepage_view
3943,2958,checkout
3944,2613,add_to_cart
3945,1952,add_to_cart
3946,2154,purchase
3947,96,product_view
3948,3760,add_to_cart
3949,3623,checkout
3950,168,product_view
3951,2090,product_view
3952,1903,product_view
3953,2152,checkout
3954,1869,add_to_cart
3955,3276,product_view
3956,2568,product_view
3957,1999,homepage_view
3958,2330,homepage_view
3959,3980,product_view
3960,3115,product_view
3961,2995,checkout
3962,1134,product_view
3963,2011,purchase
3964,3282,homepage_view
3965,749,purchase
3966,1892,homepage_view
3967,831,add_to_cart
3968,49,product_view
3969,115,product_view
3970,1179,homepage_view
3971,1673,homepage_view
3972,2551,add_to_cart
3973,3751,product_view
3974,3905,purchase
3975,3783,product_view
3976,3034,purchase
3977,71,homepage_view
3978,3060,homepage_view
3979,3591,product_view
3980,3784,checkout
3981,1360,product_view
3982,67,homepage_view
3983,1517,homepage_view
3984,1674,product_view
3985,1778,add_to_cart
3986,967,product_view
3987,3285,add_to_cart
3988,2229,add_to_cart
3989,1790,checkout
3990,613,product_view
3991,1887,product_view
3992,1623,purchase
3993,697,product_view
3994,2651,product_view
3995,2296,checkout
3996,1238,homepage_view
3997,2407,product_view
3998,249,homepage_view
3999,638,homepage_view
4000,3995,homepage_view
4001,950,homepage_view
4002,1905,product_view
4003,3588,checkout
4004,1112,add_to_cart
4005,2711,add_to_cart
4006,176,product_view
4007,723,checkout
4008,2474,checkout
4009,3843,checkout
4010,3675,checkout
4011,771,homepage_view
4012,1948,add_to_cart
4013,703,add_to_cart
4014,2129,product_view
4015,927,product_view
4016,138,homepage_view
4017,3505,homepage_view
4018,2518,purchase
4019,2398,add_to_cart
4020,1150,homepage_view
4021,3953,homepage_view
4022,1941,add_to_cart
4023,1892,product_view
4024,3381,product_view
4025,1879,homepage_view
4026,1254,homepage_view
4027,1484,product_view
4028,1369,add_to_cart
4029,310,homepage_view
4030,1044,product_view
4031,3953,add_to_cart
4032,3633,checkout
4033,3050,homepage_view
4034,1671,add_to_cart
4035,1565,purchase
4036,1584,purchase
4037,1501,checkout
4038,2317,add_to_cart
4039,3075,homepage_view
4040,770,add_to_cart
4041,16,add_to_cart
4042,606,product_view
4043,1382,product_view
4044,3718,add_to_cart
4045,813,purchase
4046,3911,homepage_view
4047,3205,homepage_view
4048,3384,add_to_cart
4049,1991,homepage_view
4050,2530,add_to_cart
4051,895,homepage_view
4052,1568,product_view
4053,3377,add_to_cart
4054,2317,homepage_view
4055,414,homepage_view
4056,25,product_view
4057,2005,product_view
4058,316,add_to_cart
4059,571,product_view
4060,725,product_view
4061,3740,product_view
4062,3056,homepage_view
4063,1850,checkout
4064,1300,homepage_view
4065,1954,checkout
4066,389,product_view
4067,2770,product_view
4068,444,add_to_cart
4069,3047,checkout
4070,3499,purchase
4071,3129,product_view
4072,2745,homepage_view
4073,971,checkout
4074,3638,homepage_view
4075,2769,checkout
4076,2416,add_to_cart
4077,1965,purchase
4078,2390,checkout
4079,1829,homepage_view
4080,3924,add_to_cart
4081,304,homepage_view
4082,764,homepage_view
4083,3446,product_view
4084,1974,homepage_view
4085,816,add_to_cart
4086,2160,purchase
4087,878,product_view
4088,3078,homepage_view
4089,2978,checkout
4090,703,checkout
4091,2894,add_to_cart
4092,944,add_to_cart
4093,2327,checkout
4094,2430,homepage_view
4095,3924,purchase
4096,2061,purchase
4097,303,checkout
4098,1580,homepage_view
4099,3689,checkout
4100,160,product_view
4101,2202,add_to_cart
4102,2802,checkout
4103,2229,homepage_view
4104,3598,product_view
4105,1204,checkout
4106,2425,checkout
4107,3876,checkout
4108,2824,homepage_view
4109,1192,add_to_cart
4110,3286,homepage_view
4111,1174,checkout
4112,2064,homepage_view
4113,1115,add_to_cart
4114,1144,product_view
4115,1980,purchase
4116,253,product_view
4117,3132,add_to_cart
4118,3338,product_view
4119,1433,add_to_cart
4120,2079,product_view
4121,3093,homepage_view
4122,731,add_to_cart
4123,3665,checkout
4124,2337,homepage_view
4125,3615,homepage_view
4126,498,add_to_cart
4127,3818,checkout
4128,3546,homepage_view
4129,1429,purchase
4130,548,purchase
4131,961,homepage_view
4132,132,homepage_view
4133,1348,add_to_cart
4134,858,purchase
4135,1156,add_to_cart
4136,2033,product_view
4137,521,homepage_view
4138,30,product_view
4139,2675,add_to_cart
4140,3373,product_view
4141,2052,product_view
4142,3397,homepage_view
4143,509,product_view
4144,1261,homepage_view
4145,1559,homepage_view
4146,16,checkout
4147,3606,homepage_view
4148,997,product_view
4149,1608,homepage_view
4150,1840,homepage_view
4151,3518,product_view
4152,2017,homepage_view
4153,3575,homepage_view
4154,3004,checkout
4155,1254,homepage_view
4156,3179,homepage_view
4157,1744,checkout
4158,3461,homepage_view
4159,3792,add_to_cart
4160,2311,homepage_view
4161,3635,homepage_view
4162,1089,product_view
4163,2313,purchase
4164,1362,homepage_view
4165,3373,product_view
4166,378,homepage_view
4167,1199,homepage_view
4168,3011,purchase
4169,3224,homepage_view
4170,476,checkout
4171,1290,homepage_view
4172,329,checkout
4173,1840,product_view
4174,1187,checkout
4175,438,homepage_view
4176,3415,checkout
4177,1391,add_to_cart
4178,3537,product_view
4179,1774,checkout
4180,1223,add_to_cart
4181,1524,checkout
4182,2064,product_view
4183,1845,add_to_cart
4184,1320,checkout
4185,868,homepage_view
4186,2559,product_view
4187,1812,purchase
4188,984,product_view
4189,1263,homepage_view
4190,2629,product_view
4191,1325,checkout
4192,2054,purchase
4193,3292,purchase
4194,1019,add_to_cart
4195,1790,product_view
4196,3525,homepage_view
4197,3505,homepage_view
4198,807,homepage_view
4199,1894,homepage_view
4200,1410,checkout
4201,2667,checkout
4202,1319,product_view
4203,1142,purchase
4204,405,purchase
4205,3752,add_to_cart
4206,3045,product_view
4207,1787,homepage_view
4208,594,product_view
4209,2614,homepage_view
4210,2800,product_view
4211,3950,purchase
4212,12,product_view
4213,3281,homepage_view
4214,2213,add_to_cart
4215,2926,add_to_cart
4216,1318,homepage_view
4217,3983,homepage_view
4218,1543,purchase
4219,2126,homepage_view
4220,3506,checkout
4221,3649,product_view
4222,614,product_view
4223,1987,homepage_view
4224,869,checkout
4225,812,checkout
4226,1823,homepage_view
4227,3755,homepage_view
4228,3149,homepage_view
4229,3120,checkout
4230,767,product_view
4231,82,homepage_view
4232,3967,product_view
4233,1745,product_view
4234,2257,checkout
4235,3517,add_to_cart
4236,3668,homepage_view
4237,522,homepage_view
4238,3101,product_view
4239,1328,homepage_view
4240,994,add_to_cart
4241,2513,product_view
4242,1526,product_view
4243,1470,product_view
4244,2676,add_to_cart
4245,1514,product_view
4246,781,checkout
4247,1452,add_to_cart
4248,559,checkout
4249,3431,add_to_cart
4250,3008,homepage_view
4251,2139,homepage_view
4252,2038,purchase
4253,3125,purchase
4254,1754,add_to_cart
4255,860,add_to_cart
4256,1613,homepage_view
4257,3276,product_view
4258,556,purchase
4259,156,checkout
4260,2050,product_view
4261,1381,product_view
4262,825,product_view
4263,1593,product_view
4264,2850,product_view
4265,3031,add_to_cart
4266,1082,homepage_view
4267,3326,checkout
4268,1204,add_to_cart
4269,493,checkout
4270,669,checkout
4271,3107,product_view
4272,75,checkout
4273,2992,product_view
4274,3361,purchase
4275,371,homepage_view
4276,587,purchase
4277,329,homepage_view
4278,590,homepage_view
4279,1791,product_view
4280,777,add_to_cart
4281,2023,homepage_view
4282,2352,product_view
4283,579,checkout
4284,221,homepage_view
4285,3027,add_to_cart
4286,1188,product_view
4287,1504,product_view
4288,3527,add_to_cart
4289,2423,product_view
4290,3292,purchase
4291,1708,product_view
4292,3326,checkout
4293,1746,add_to_cart
4294,188,checkout
4295,1215,homepage_view
4296,3461,homepage_view
4297,3287,product_view
4298,3447,checkout
4299,1110,homepage_view
4300,2522,purchase
4301,3690,homepage_view
4302,844,homepage_view
4303,3880,homepage_view
4304,531,add_to_cart
4305,1071,purchase
4306,3137,homepage_view
4307,963,product_view
4308,2523,homepage_view
4309,1170,add_to_cart
4310,2994,homepage_view
4311,3870,product_view
4312,1406,add_to_cart
4313,3138,product_view
4314,517,homepage_view
4315,3165,homepage_view
4316,1889,add_to_cart
4317,2474,checkout
4318,1492,purchase
4319,1118,checkout
4320,3690,purchase
4321,133,product_view
4322,3506,product_view
4323,3413,homepage_view
4324,314,product_view
4325,591,add_to_cart
4326,3284,checkout
4327,1544,homepage_view
4328,3057,product_view
4329,2207,add_to_cart
4330,3340,product_view
4331,2709,homepage_view
4332,1886,checkout
4333,1627,homepage_view
4334,748,purchase
4335,1498,purchase
4336,801,product_view
4337,2458,product_view
4338,1498,add_to_cart
4339,1380,product_view
4340,680,homepage_view
4341,3265,purchase
4342,3771,product_view
4343,3343,homepage_view
4344,2162,product_view
4345,897,homepage_view
4346,1547,homepage_view
4347,3127,product_view
4348,1794,product_view
4349,2113,product_view
4350,684,purchase
4351,1296,checkout
4352,3574,homepage_view
4353,1686,homepage_view
4354,1386,add_to_cart
4355,2194,add_to_cart
4356,943,checkout
4357,3281,add_to_cart
4358,1310,homepage_view
4359,1034,product_view
4360,2787,checkout
4361,2234,purchase
4362,3646,homepage_view
4363,1621,product_view
4364,3536,homepage_view
4365,3206,product_view
4366,2883,homepage_view
4367,809,purchase
4368,171,add_to_cart
4369,2261,checkout
4370,1554,purchase
4371,3898,homepage_view
4372,3574,add_to_cart
4373,1596,checkout
4374,1624,product_view
4375,27,add_to_cart
4376,1014,product_view
4377,1092,add_to_cart
4378,2838,product_view
4379,408,product_view
4380,3624,homepage_view
4381,1133,homepage_view
4382,74,homepage_view
4383,2626,homepage_view
4384,680,product_view
4385,3334,homepage_view
4386,1392,homepage_view
4387,2834,checkout
4388,849,checkout
4389,870,checkout
4390,237,purchase
4391,2775,homepage_view
4392,3438,homepage_view
4393,3358,product_view
4394,2426,purchase
4395,2709,checkout
4396,2878,product_view
4397,906,homepage_view
4398,2424,add_to_cart
4399,619,homepage_view
4400,2701,product_view
4401,3148,purchase
4402,1033,product_view
4403,2244,purchase
4404,2855,product_view
4405,3864,add_to_cart
4406,2941,checkout
4407,3702,add_to_cart
4408,1314,add_to_cart
4409,3133,add_to_cart
4410,2985,checkout
4411,3461,homepage_view
4412,847,product_view
4413,2866,product_view
4414,1924,purchase
4415,3635,purchase
4416,2612,homepage_view
4417,634,homepage_view
4418,2727,purchase
4419,1018,homepage_view
4420,8,homepage_view
4421,1393,homepage_view
4422,1069,homepage_view
4423,2392,add_to_cart
4424,1781,product_view
4425,2844,product_view
4426,3447,purchase
4427,1643,homepage_view
4428,3099,homepage_view
4429,1217,checkout
4430,849,checkout
4431,1381,homepage_view
4432,62,product_view
4433,1086,product_view
4434,2470,add_to_cart
4435,1818,homepage_view
4436,633,product_view
4437,792,homepage_view
4438,2599,checkout
4439,3452,product_view
4440,1301,product_view
4441,2654,homepage_view
4442,1455,homepage_view
4443,1139,add_to_cart
4444,1712,checkout
4445,3193,add_to_cart
4446,525,add_to_cart
4447,2021,homepage_view
4448,899,add_to_cart
4449,3488,homepage_view
4450,2211,homepage_view
4451,787,add_to_cart
4452,2958,checkout
4453,3760,add_to_cart
4454,3030,checkout
4455,1361,purchase
4456,2427,homepage_view
4457,3396,purchase
4458,173,add_to_cart
4459,1000,checkout
4460,1811,add_to_cart
4461,64,product_view
4462,3173,add_to_cart
4463,1346,product_view
4464,975,purchase
4465,66,homepage_view
4466,1867,product_view
4467,3629,homepage_view
4468,1623,homepage_view
4469,458,homepage_view
4470,1603,homepage_view
4471,2501,product_view
4472,3331,product_view
4473,1958,homepage_view
4474,1741,homepage_view
4475,1450,purchase
4476,3027,homepage_view
4477,1960,product_view
4478,2226,homepage_view
4479,1955,homepage_view
4480,280,add_to_cart
4481,2392,product_view
4482,1041,product_view
4483,2344,homepage_view
4484,2250,add_to_cart
4485,962,add_to_cart
4486,2732,homepage_view
4487,1943,homepage_view
4488,3846,homepage_view
4489,1218,add_to_cart
4490,3221,homepage_view
4491,375,product_view
4492,1912,homepage_view
4493,35,homepage_view
4494,1393,homepage_view
4495,2077,product_view
4496,775,homepage_view
4497,221,product_view
4498,2101,add_to_cart
4499,2839,product_view
4500,3425,add_to_cart
4501,3464,add_to_cart
4502,2124,add_to_cart
4503,494,purchase
4504,1712,homepage_view
4505,3594,homepage_view
4506,2165,add_to_cart
4507,280,add_to_cart
4508,3802,product_view
4509,3247,homepage_view
4510,746,product_view
4511,2997,purchase
4512,2812,product_view
4513,2343,purchase
4514,3066,product_view
4515,1475,homepage_view
4516,1858,product_view
4517,1542,product_view
4518,3093,add_to_cart
4519,1097,product_view
4520,2890,product_view
4521,1060,homepage_view
4522,3579,homepage_view
4523,1923,product_view
4524,3305,purchase
4525,3800,homepage_view
4526,2006,checkout
4527,497,product_view
4528,2254,homepage_view
4529,2474,homepage_view
4530,44,homepage_view
4531,3163,purchase
4532,1852,add_to_cart
4533,3542,purchase
4534,2653,checkout
4535,3539,product_view
4536,3923,add_to_cart
4537,454,add_to_cart
4538,595,add_to_cart
4539,1357,homepage_view
4540,507,product_view
4541,794,add_to_cart
4542,3542,homepage_view
4543,21,product_view
4544,3300,checkout
4545,1400,product_view
4546,3202,product_view
4547,3759,homepage_view
4548,2668,checkout
4549,2462,product_view
4550,3867,purchase
4551,1095,purchase
4552,1428,purchase
4553,1586,homepage_view
4554,3679,product_view
4555,1815,purchase
4556,1421,checkout
4557,337,purchase
4558,1668,product_view
4559,3577,product_view
4560,910,homepage_view
4561,276,checkout
4562,892,add_to_cart
4563,13,homepage_view
4564,1027,homepage_view
4565,3026,product_view
4566,3296,add_to_cart
4567,974,homepage_view
4568,175,homepage_view
4569,3971,homepage_view
4570,1409,homepage_view
4571,1626,purchase
4572,1944,add_to_cart
4573,2289,add_to_cart
4574,547,checkout
4575,2062,product_view
4576,1219,checkout
4577,1421,purchase
4578,1455,add_to_cart
4579,3378,product_view
4580,3406,add_to_cart
4581,2773,purchase
4582,1434,homepage_view
4583,3,homepage_view
4584,2739,purchase
4585,3624,purchase
4586,3524,product_view
4587,3748,product_view
4588,1843,homepage_view
4589,747,product_view
4590,2817,purchase
4591,872,homepage_view
4592,495,product_view
4593,2465,purchase
4594,1415,product_view
4595,3445,checkout
4596,628,product_view
4597,1076,checkout
4598,3448,purchase
4599,3467,product_view
4600,3995,checkout
4601,3069,purchase
4602,142,purchase
4603,3158,product_view
4604,1488,product_view
4605,46,product_view
4606,2892,product_view
4607,3057,product_view
4608,3310,homepage_view
4609,2058,add_to_cart
4610,664,product_view
4611,573,checkout
4612,2030,checkout
4613,1554,product_view
4614,1622,product_view
4615,2697,add_to_cart
4616,913,homepage_view
4617,3814,homepage_view
4618,640,checkout
4619,2664,homepage_view
4620,2746,checkout
4621,909,purchase
4622,2226,product_view
4623,869,checkout
4624,1030,product_view
4625,853,checkout
4626,307,checkout
4627,2596,homepage_view
4628,2375,add_to_cart
4629,3428,add_to_cart
4630,1817,homepage_view
4631,395,purchase
4632,2348,product_view
4633,3598,product_view
4634,749,homepage_view
4635,2333,add_to_cart
4636,330,checkout
4637,2098,add_to_cart
4638,2032,checkout
4639,773,add_to_cart
4640,1646,homepage_view
4641,1733,product_view
4642,378,homepage_view
4643,1788,homepage_view
4644,1624,homepage_view
4645,1000,purchase
4646,1849,purchase
4647,1562,homepage_view
4648,774,product_view
4649,3216,homepage_view
4650,1084,checkout
4651,2916,product_view
4652,1804,add_to_cart
4653,1099,product_view
4654,2051,add_to_cart
4655,1599,product_view
4656,748,homepage_view
4657,1472,homepage_view
4658,1765,product_view
4659,3974,purchase
4660,2323,product_view
4661,1554,homepage_view
4662,1616,purchase
4663,2263,homepage_view
4664,3755,homepage_view
4665,1509,checkout
4666,329,add_to_cart
4667,2303,product_view
4668,1411,add_to_cart
4669,126,add_to_cart
4670,767,homepage_view
4671,3656,add_to_cart
4672,1574,add_to_cart
4673,3396,purchase
4674,1228,purchase
4675,1196,product_view
4676,1759,add_to_cart
4677,217,homepage_view
4678,3317,homepage_view
4679,1360,product_view
4680,3775,add_to_cart
4681,1322,product_view
4682,832,product_view
4683,182,checkout
4684,334,checkout
4685,511,add_to_cart
4686,383,homepage_view
4687,3789,checkout
4688,1897,purchase
4689,3271,homepage_view
4690,332,product_view
4691,1189,purchase
4692,1266,add_to_cart
4693,900,product_view
4694,642,homepage_view
4695,1251,product_view
4696,634,product_view
4697,3628,homepage_view
4698,2499,product_view
4699,196,homepage_view
4700,1894,add_to_cart
4701,3276,purchase
4702,458,product_view
4703,830,add_to_cart
4704,2305,product_view
4705,3601,homepage_view
4706,3344,purchase
4707,2057,homepage_view
4708,2809,homepage_view
4709,2997,product_view
4710,1225,add_to_cart
4711,3131,product_view
4712,887,homepage_view
4713,393,checkout
4714,1676,product_view
4715,3191,homepage_view
4716,3625,product_view
4717,2447,homepage_view
4718,3906,product_view
4719,2379,add_to_cart
4720,3339,checkout
4721,3592,homepage_view
4722,3767,homepage_view
4723,2528,homepage_view
4724,2182,homepage_view
4725,3765,homepage_view
4726,916,product_view
4727,935,homepage_view
4728,355,product_view
4729,2632,product_view
4730,1522,homepage_view
4731,2673,product_view
4732,3179,homepage_view
4733,2338,add_to_cart
4734,2873,product_view
4735,629,homepage_view
4736,3067,product_view
4737,2680,homepage_view
4738,1171,checkout
4739,327,purchase
4740,1439,homepage_view
4741,2258,add_to_cart
4742,3368,homepage_view
4743,1422,homepage_view
4744,1127,homepage_view
4745,2684,checkout
4746,1781,product_view
4747,1532,purchase
4748,1915,product_view
4749,2916,homepage_view
4750,1233,checkout
4751,1957,purchase
4752,2476,checkout
4753,393,add_to_cart
4754,826,product_view
4755,2964,homepage_view
4756,3181,homepage_view
4757,1913,product_view
4758,2396,purchase
4759,50,add_to_cart
4760,2964,checkout
4761,3177,homepage_view
4762,3492,add_to_cart
4763,1397,checkout
4764,1051,product_view
4765,3016,product_view
4766,800,add_to_cart
4767,1793,product_view
4768,3345,purchase
4769,3065,product_view
4770,2697,homepage_view
4771,1364,product_view
4772,2349,homepage_view
4773,3552,product_view
4774,3906,homepage_view
4775,3616,purchase
4776,3629,checkout
4777,3337,homepage_view
4778,1566,homepage_view
4779,3668,product_view
4780,2214,checkout
4781,2364,homepage_view
4782,1,homepage_view
4783,1020,product_view
4784,3833,add_to_cart
4785,1285,homepage_view
4786,63,add_to_cart
4787,2531,purchase
4788,3748,homepage_view
4789,3393,product_view
4790,1870,homepage_view
4791,3273,homepage_view
4792,2270,homepage_view
4793,152,product_view
4794,644,checkout
4795,626,product_view
4796,3534,homepage_view
4797,217,homepage_view
4798,196,product_view
4799,3865,homepage_view
4800,3274,product_view
4801,3043,product_view
4802,1015,purchase
4803,2695,homepage_view
4804,3306,add_to_cart
4805,3213,homepage_view
4806,2756,add_to_cart
4807,1522,product_view
4808,1579,checkout
4809,1081,product_view
4810,1528,product_view
4811,3214,homepage_view
4812,722,homepage_view
4813,1608,product_view
4814,1760,checkout
4815,1563,product_view
4816,640,add_to_cart
4817,2154,homepage_view
4818,165,product_view
4819,215,product_view
4820,1095,homepage_view
4821,3788,product_view
4822,3737,checkout
4823,3651,product_view
4824,90,add_to_cart
4825,1796,add_to_cart
4826,2922,product_view
4827,1252,checkout
4828,1103,product_view
4829,608,homepage_view
4830,349,homepage_view
4831,3914,homepage_view
4832,2942,add_to_cart
4833,246,checkout
4834,272,homepage_view
4835,2031,homepage_view
4836,403,product_view
4837,3741,add_to_cart
4838,3188,product_view
4839,3507,product_view
4840,3602,add_to_cart
4841,1466,product_view
4842,1196,purchase
4843,3088,homepage_view
4844,3009,purchase
4845,3824,homepage_view
4846,2946,homepage_view
4847,1080,add_to_cart
4848,1615,add_to_cart
4849,1127,checkout
4850,284,product_view
4851,3777,purchase
4852,517,homepage_view
4853,2666,homepage_view
4854,1302,product_view
4855,3957,checkout
4856,612,add_to_cart
4857,750,product_view
4858,1293,homepage_view
4859,1857,homepage_view
4860,400,product_view
4861,1527,product_view
4862,2025,add_to_cart
4863,2134,add_to_cart
4864,320,purchase
4865,1056,homepage_view
4866,336,product_view
4867,2099,product_view
4868,3151,add_to_cart
4869,3770,product_view
4870,174,purchase
4871,1642,add_to_cart
4872,501,homepage_view
4873,3647,homepage_view
4874,2124,add_to_cart
4875,2364,add_to_cart
4876,1857,homepage_view
4877,3445,homepage_view
4878,3153,product_view
4879,1897,add_to_cart
4880,1664,homepage_view
4881,1719,product_view
4882,1779,product_view
4883,697,purchase
4884,3058,homepage_view
4885,732,add_to_cart
4886,1095,product_view
4887,3017,homepage_view
4888,2902,product_view
4889,2714,homepage_view
4890,3829,add_to_cart
4891,652,product_view
4892,1095,homepage_view
4893,46,homepage_view
4894,1071,checkout
4895,3663,homepage_view
4896,1446,product_view
4897,2197,product_view
4898,2958,purchase
4899,3202,product_view
4900,456,add_to_cart
4901,1663,homepage_view
4902,2925,homepage_view
4903,3703,homepage_view
4904,966,product_view
4905,2021,add_to_cart
4906,869,product_view
4907,1529,product_view
4908,2977,add_to_cart
4909,3072,homepage_view
4910,1001,homepage_view
4911,774,checkout
4912,2292,product_view
4913,2522,add_to_cart
4914,2430,product_view
4915,1127,product_view
4916,2537,homepage_view
4917,1061,checkout
4918,1678,add_to_cart
4919,3621,homepage_view
4920,1544,checkout
4921,3815,product_view
4922,3405,checkout
4923,397,homepage_view
4924,2344,homepage_view
4925,107,homepage_view
4926,2908,homepage_view
4927,954,checkout
4928,2578,add_to_cart
4929,1849,add_to_cart
4930,3155,checkout
4931,934,homepage_view
4932,288,purchase
4933,706,purchase
4934,2044,product_view
4935,1485,homepage_view
4936,215,add_to_cart
4937,1305,product_view
4938,2780,checkout
4939,1978,homepage_view
4940,1483,product_view
4941,1825,product_view
4942,344,homepage_view
4943,194,product_view
4944,158,homepage_view
4945,465,product_view
4946,2152,checkout
4947,2082,homepage_view
4948,3174,checkout
4949,2687,homepage_view
4950,1750,add_to_cart
4951,2373,purchase
4952,3880,product_view
4953,2739,purchase
4954,592,product_view
4955,2189,product_view
4956,2522,checkout
4957,1055,homepage_view
4958,884,homepage_view
4959,63,add_to_cart
4960,3632,checkout
4961,1111,add_to_cart
4962,304,homepage_view
4963,1085,purchase
4964,396,add_to_cart
4965,334,purchase
4966,2834,product_view
4967,411,add_to_cart
4968,2332,checkout
4969,466,product_view
4970,80,purchase
4971,3764,homepage_view
4972,2832,product_view
4973,1101,purchase
4974,1978,purchase
4975,733,homepage_view
4976,3977,homepage_view
4977,1818,add_to_cart
4978,1564,purchase
4979,1385,add_to_cart
4980,2125,add_to_cart
4981,2557,checkout
4982,1188,homepage_view
4983,3081,purchase
4984,1199,product_view
4985,2510,add_to_cart
4986,3379,product_view
4987,1612,product_view
4988,2293,add_to_cart
4989,122,purchase
4990,185,add_to_cart
4991,32,checkout
4992,998,homepage_view
4993,1987,checkout
4994,2810,homepage_view
4995,569,homepage_view
4996,2358,homepage_view
4997,1396,add_to_cart
4998,1680,purchase
4999,830,add_to_cart
5000,1620,homepage_view
5001,3040,homepage_view
5002,1080,product_view
5003,791,homepage_view
5004,3345,product_view
5005,2512,add_to_cart
5006,2726,purchase
5007,3528,product_view
5008,3027,homepage_view
5009,2718,checkout
5010,3321,add_to_cart
5011,2746,checkout
5012,994,homepage_view
5013,78,product_view
5014,2582,purchase
5015,108,homepage_view
5016,1297,add_to_cart
5017,2812,homepage_view
5018,2063,product_view
5019,370,checkout
5020,3376,product_view
5021,3744,checkout
5022,2253,product_view
5023,2005,purchase
5024,3185,product_view
5025,1704,homepage_view
5026,2913,product_view
5027,3325,add_to_cart
5028,441,checkout
5029,3258,product_view
5030,2907,add_to_cart
5031,227,checkout
5032,2576,checkout
5033,3740,add_to_cart
5034,2402,checkout
5035,623,product_view
5036,1025,homepage_view
5037,1577,homepage_view
5038,3632,purchase
5039,2975,homepage_view
5040,3492,product_view
5041,1644,purchase
5042,1185,homepage_view
5043,161,checkout
5044,871,checkout
5045,3200,purchase
5046,1746,homepage_view
5047,1175,product_view
5048,444,purchase
5049,1791,homepage_view
5050,1495,product_view
5051,463,add_to_cart
5052,3802,homepage_view
5053,3102,purchase
5054,473,add_to_cart
5055,2605,homepage_view
5056,80,homepage_view
5057,1063,homepage_view
5058,240,homepage_view
5059,557,add_to_cart
5060,590,homepage_view
5061,1361,product_view
5062,3980,purchase
5063,1885,product_view
5064,3872,homepage_view
5065,1976,purchase
5066,1304,homepage_view
5067,1140,purchase
5068,2317,add_to_cart
5069,1940,add_to_cart
5070,335,checkout
5071,312,product_view
5072,1077,checkout
5073,3140,checkout
5074,2742,product_view
5075,34,product_view
5076,3868,checkout
5077,1842,product_view
5078,386,checkout
5079,249,add_to_cart
5080,1135,add_to_cart
5081,3166,homepage_view
5082,1434,homepage_view
5083,1203,product_view
5084,3119,add_to_cart
5085,794,add_to_cart
5086,852,add_to_cart
5087,2922,add_to_cart
5088,3676,checkout
5089,376,homepage_view
5090,724,add_to_cart
5091,1611,homepage_view
5092,1914,product_view
5093,202,homepage_view
5094,2493,product_view
5095,1943,product_view
5096,2345,homepage_view
5097,1332,product_view
5098,3795,purchase
5099,493,homepage_view
5100,338,add_to_cart
5101,1969,product_view
5102,2971,product_view
5103,3718,homepage_view
5104,1866,homepage_view
5105,3138,checkout
5106,792,homepage_view
5107,3494,homepage_view
5108,3612,product_view
5109,3996,add_to_cart
5110,3701,add_to_cart
5111,1517,product_view
5112,3954,product_view
5113,2023,product_view
5114,3010,homepage_view
5115,2365,product_view
5116,942,add_to_cart
5117,3909,product_view
5118,2674,add_to_cart
5119,2123,add_to_cart
5120,3786,homepage_view
5121,2987,homepage_view
5122,59,product_view
5123,2434,add_to_cart
5124,2063,homepage_view
5125,1255,purchase
5126,3689,product_view
5127,3749,product_view
5128,2247,add_to_cart
5129,3988,homepage_view
5130,1378,product_view
5131,35,product_view
5132,162,homepage_view
5133,3829,checkout
5134,3030,checkout
5135,2847,homepage_view
5136,895,product_view
5137,471,homepage_view
5138,2579,checkout
5139,2840,product_view
5140,2900,product_view
5141,1447,product_view
5142,348,product_view
5143,694,add_to_cart
5144,935,add_to_cart
5145,913,product_view
5146,147,add_to_cart
5147,3446,product_view
5148,1712,homepage_view
5149,675,homepage_view
5150,1440,product_view
5151,2735,add_to_cart
5152,1518,purchase
5153,3631,homepage_view
5154,1280,product_view
5155,3008,homepage_view
5156,686,checkout
5157,1127,checkout
5158,121,homepage_view
5159,2467,add_to_cart
5160,2398,add_to_cart
5161,3729,homepage_view
5162,42,product_view
5163,3439,add_to_cart
5164,29,homepage_view
5165,966,product_view
5166,1916,homepage_view
5167,2833,product_view
5168,2001,checkout
5169,2062,product_view
5170,920,homepage_view
5171,818,homepage_view
5172,2873,add_to_cart
5173,1509,product_view
5174,1213,product_view
5175,872,homepage_view
5176,295,checkout
5177,3255,checkout
5178,864,checkout
5179,2596,product_view
5180,3954,add_to_cart
5181,3109,homepage_view
5182,3056,checkout
5183,1038,homepage_view
5184,3995,checkout
5185,2683,product_view
5186,595,checkout
5187,1183,add_to_cart
5188,1518,product_view
5189,1353,purchase
5190,614,homepage_view
5191,1873,purchase
5192,3155,checkout
5193,3628,purchase
5194,1604,homepage_view
5195,1584,homepage_view
5196,1593,add_to_cart
5197,3659,purchase
5198,3094,homepage_view
5199,1156,homepage_view
5200,465,homepage_view
5201,1480,checkout
5202,3374,checkout
5203,3003,product_view
5204,2978,homepage_view
5205,1291,product_view
5206,2847,homepage_view
5207,2443,add_to_cart
5208,3192,product_view
5209,2294,add_to_cart
5210,568,checkout
5211,38,product_view
5212,245,product_view
5213,21,checkout
5214,1134,homepage_view
5215,1630,checkout
5216,394,homepage_view
5217,1434,checkout
5218,987,homepage_view
5219,1672,homepage_view
5220,3815,product_view
5221,2056,purchase
5222,3516,purchase
5223,2376,homepage_view
5224,1911,homepage_view
5225,290,product_view
5226,1787,product_view
5227,2559,add_to_cart
5228,912,product_view
5229,361,checkout
5230,3981,add_to_cart
5231,1623,product_view
5232,2764,checkout
5233,219,homepage_view
5234,2454,homepage_view
5235,2016,add_to_cart
5236,2041,homepage_view
5237,2045,homepage_view
5238,2801,purchase
5239,2971,add_to_cart
5240,832,product_view
5241,1794,add_to_cart
5242,3693,product_view
5243,1792,purchase
5244,2842,homepage_view
5245,1244,add_to_cart
5246,595,checkout
5247,2155,product_view
5248,581,add_to_cart
5249,2657,purchase
5250,1748,add_to_cart
5251,3358,product_view
5252,3821,product_view
5253,2056,purchase
5254,2854,product_view
5255,2237,add_to_cart
5256,81,product_view
5257,2156,homepage_view
5258,1345,homepage_view
5259,1603,purchase
5260,2734,add_to_cart
5261,346,homepage_view
5262,1887,checkout
5263,2376,product_view
5264,555,checkout
5265,3771,homepage_view
5266,302,purchase
5267,200,add_to_cart
5268,2941,add_to_cart
5269,3491,homepage_view
5270,1063,product_view
5271,3804,homepage_view
5272,307,purchase
5273,3076,homepage_view
5274,1657,add_to_cart
5275,1872,homepage_view
5276,3149,homepage_view
5277,2516,product_view
5278,2227,checkout
5279,2693,checkout
5280,1847,purchase
5281,1765,purchase
5282,276,homepage_view
5283,1176,checkout
5284,3236,product_view
5285,3362,checkout
5286,1402,homepage_view
5287,2669,checkout
5288,638,homepage_view
5289,1776,product_view
5290,3382,homepage_view
5291,930,homepage_view
5292,3985,product_view
5293,3461,checkout
5294,1881,checkout
5295,3730,homepage_view
5296,3836,homepage_view
5297,183,product_view
5298,1845,checkout
5299,3378,homepage_view
5300,72,product_view
5301,3291,homepage_view
5302,2767,product_view
5303,3245,homepage_view
5304,1677,homepage_view
5305,1296,homepage_view
5306,2774,homepage_view
5307,3540,homepage_view
5308,2317,add_to_cart
5309,1044,homepage_view
5310,2626,homepage_view
5311,3043,homepage_view
5312,815,checkout
5313,1527,add_to_cart
5314,2195,add_to_cart
5315,3501,product_view
5316,3237,homepage_view
5317,2938,homepage_view
5318,310,product_view
5319,2566,product_view
5320,2062,checkout
5321,132,checkout
5322,1878,product_view
5323,2803,product_view
5324,2487,homepage_view
5325,2791,homepage_view
5326,740,purchase
5327,3746,homepage_view
5328,795,purchase
5329,2311,product_view
5330,2691,product_view
5331,3297,homepage_view
5332,258,add_to_cart
5333,1258,product_view
5334,3408,product_view
5335,2457,homepage_view
5336,1852,homepage_view
5337,975,product_view
5338,1048,product_view
5339,271,add_to_cart
5340,1119,add_to_cart
5341,142,product_view
5342,3766,add_to_cart
5343,3790,homepage_view
5344,902,add_to_cart
5345,3022,homepage_view
5346,3153,homepage_view
5347,274,homepage_view
5348,2324,checkout
5349,3955,homepage_view
5350,465,homepage_view
5351,1232,product_view
5352,1320,homepage_view
5353,3111,checkout
5354,288,product_view
5355,3196,purchase
5356,876,homepage_view
5357,1993,homepage_view
5358,3355,add_to_cart
5359,2926,add_to_cart
5360,2228,homepage_view
5361,1121,add_to_cart
5362,1215,checkout
5363,3146,homepage_view
5364,447,add_to_cart
5365,2833,homepage_view
5366,3569,purchase
5367,2609,product_view
5368,2532,homepage_view
5369,2897,product_view
5370,722,purchase
5371,2164,add_to_cart
5372,2583,product_view
5373,3170,product_view
5374,1352,add_to_cart
5375,3981,homepage_view
5376,407,homepage_view
5377,3385,product_view
5378,1726,product_view
5379,694,homepage_view
5380,3220,checkout
5381,3414,product_view
5382,495,product_view
5383,948,homepage_view
5384,23,add_to_cart
5385,1129,add_to_cart
5386,1699,add_to_cart
5387,3651,homepage_view
5388,3874,add_to_cart
5389,3873,purchase
5390,558,product_view
5391,1617,homepage_view
5392,941,checkout
5393,3731,homepage_view
5394,1246,homepage_view
5395,2903,homepage_view
5396,3087,homepage_view
5397,2939,product_view
5398,1657,homepage_view
5399,78,checkout
5400,1346,product_view
5401,807,add_to_cart
5402,3313,product_view
5403,1042,add_to_cart
5404,768,product_view
5405,454,checkout
5406,3515,checkout
5407,2976,add_to_cart
5408,2325,product_view
5409,1448,checkout
5410,1500,product_view
5411,1051,homepage_view
5412,2562,homepage_view
5413,1889,purchase
5414,2512,homepage_view
5415,2855,checkout
5416,2872,homepage_view
5417,363,product_view
5418,3455,add_to_cart
5419,2799,homepage_view
5420,525,add_to_cart
5421,3454,add_to_cart
5422,3256,product_view
5423,1218,product_view
5424,1486,homepage_view
5425,2104,product_view
5426,1254,homepage_view
5427,2537,product_view
5428,3100,purchase
5429,1856,product_view
5430,3655,add_to_cart
5431,722,product_view
5432,1984,homepage_view
5433,1208,add_to_cart
5434,1449,add_to_cart
5435,1399,homepage_view
5436,3940,checkout
5437,2089,product_view
5438,1508,homepage_view
5439,1004,product_view
5440,2308,product_view
5441,2489,homepage_view
5442,926,checkout
5443,856,checkout
5444,84,checkout
5445,2094,checkout
5446,2488,purchase
5447,3743,purchase
5448,3928,homepage_view
5449,1543,product_view
5450,986,homepage_view
5451,1869,product_view
5452,3510,purchase
5453,136,homepage_view
5454,1207,add_to_cart
5455,1733,add_to_cart
5456,1196,homepage_view
5457,909,homepage_view
5458,2909,product_view
5459,2836,homepage_view
5460,590,add_to_cart
5461,1952,product_view
5462,956,product_view
5463,2738,homepage_view
5464,2587,product_view
5465,1144,homepage_view
5466,3353,checkout
5467,1332,product_view
5468,2756,checkout
5469,3349,add_to_cart
5470,1554,checkout
5471,2343,product_view
5472,1807,homepage_view
5473,2101,product_view
5474,806,homepage_view
5475,1456,purchase
5476,52,product_view
5477,2776,purchase
5478,72,checkout
5479,28,homepage_view
5480,469,add_to_cart
5481,3984,homepage_view
5482,764,homepage_view
5483,2934,homepage_view
5484,2960,purchase
5485,2595,product_view
5486,1425,add_to_cart
5487,2249,homepage_view
5488,3833,product_view
5489,3683,product_view
5490,820,product_view
5491,1490,homepage_view
5492,1676,product_view
5493,3667,add_to_cart
5494,560,homepage_view
5495,3862,purchase
5496,379,homepage_view
5497,3832,product_view
5498,1919,homepage_view
5499,3249,homepage_view
5500,1076,purchase
5501,79,checkout
5502,1409,add_to_cart
5503,834,checkout
5504,3648,checkout
5505,1032,add_to_cart
5506,3286,checkout
5507,2073,product_view
5508,450,product_view
5509,2816,checkout
5510,2803,homepage_view
5511,1993,checkout
5512,3529,homepage_view
5513,1485,checkout
5514,2246,product_view
5515,3166,product_view
5516,1743,homepage_view
5517,1971,checkout
5518,2485,homepage_view
5519,1551,add_to_cart
5520,690,add_to_cart
5521,1991,homepage_view
5522,1402,purchase
5523,587,homepage_view
5524,2152,add_to_cart
5525,1830,product_view
5526,3752,homepage_view
5527,1986,homepage_view
5528,627,add_to_cart
5529,2032,purchase
5530,3111,homepage_view
5531,2506,homepage_view
5532,364,purchase
5533,3857,homepage_view
5534,2183,product_view
5535,374,product_view
5536,3304,homepage_view
5537,2087,add_to_cart
5538,1988,purchase
5539,3875,product_view
5540,2867,add_to_cart
5541,2095,add_to_cart
5542,2084,product_view
5543,3904,homepage_view
5544,2143,add_to_cart
5545,3033,product_view
5546,1385,homepage_view
5547,1549,purchase
5548,1170,checkout
5549,1941,purchase
5550,368,homepage_view
5551,65,checkout
5552,3300,add_to_cart
5553,754,purchase
5554,1544,purchase
5555,2036,purchase
5556,2864,purchase
5557,1877,homepage_view
5558,1579,add_to_cart
5559,756,homepage_view
5560,2229,add_to_cart
5561,1525,purchase
5562,597,homepage_view
5563,3227,product_view
5564,2835,add_to_cart
5565,3607,homepage_view
5566,2675,homepage_view
5567,3890,homepage_view
5568,3507,homepage_view
5569,1835,add_to_cart
5570,3171,product_view
5571,2664,homepage_view
5572,1396,purchase
5573,1587,add_to_cart
5574,3434,product_view
5575,112,homepage_view
5576,453,add_to_cart
5577,2804,product_view
5578,3241,add_to_cart
5579,2632,add_to_cart
5580,2187,homepage_view
5581,1872,purchase
5582,2279,product_view
5583,1263,product_view
5584,3032,purchase
5585,253,product_view
5586,2005,add_to_cart
5587,1460,add_to_cart
5588,1943,homepage_view
5589,2609,purchase
5590,3494,product_view
5591,1327,product_view
5592,2120,purchase
5593,3335,product_view
5594,1858,add_to_cart
5595,2270,checkout
5596,1101,homepage_view
5597,62,homepage_view
5598,1495,homepage_view
5599,1181,checkout
5600,806,homepage_view
5601,2173,product_view
5602,2789,homepage_view
5603,1876,product_view
5604,2209,add_to_cart
5605,541,purchase
5606,626,product_view
5607,1615,product_view
5608,3607,checkout
5609,106,product_view
5610,1155,purchase
5611,3429,product_view
5612,1709,product_view
5613,2824,purchase
5614,3926,product_view
5615,1909,homepage_view
5616,3869,homepage_view
5617,2050,purchase
5618,2281,add_to_cart
5619,369,product_view
5620,1275,checkout
5621,946,product_view
5622,3905,product_view
5623,3180,add_to_cart
5624,3348,add_to_cart
5625,2228,product_view
5626,3797,homepage_view
5627,293,homepage_view
5628,584,checkout
5629,2843,checkout
5630,2223,add_to_cart
5631,2171,checkout
5632,2275,add_to_cart
5633,3974,checkout
5634,2492,homepage_view
5635,3885,product_view
5636,2476,product_view
5637,3155,homepage_view
5638,765,add_to_cart
5639,3730,purchase
5640,2680,product_view
5641,2113,purchase
5642,1305,product_view
5643,3867,product_view
5644,1415,add_to_cart
5645,428,homepage_view
5646,2666,product_view
5647,2973,product_view
5648,2015,purchase
5649,2860,add_to_cart
5650,107,product_view
5651,3620,homepage_view
5652,659,purchase
5653,3334,product_view
5654,3993,purchase
5655,1183,product_view
5656,2313,add_to_cart
5657,3540,add_to_cart
5658,1226,product_view
5659,155,add_to_cart
5660,3085,product_view
5661,3369,add_to_cart
5662,896,checkout
5663,3906,homepage_view
5664,1522,add_to_cart
5665,1621,homepage_view
5666,993,homepage_view
5667,3864,add_to_cart
5668,2293,homepage_view
5669,1324,add_to_cart
5670,1386,homepage_view
5671,3426,product_view
5672,3900,homepage_view
5673,3593,homepage_view
5674,2434,checkout
5675,2807,add_to_cart
5676,3384,purchase
5677,2462,homepage_view
5678,1302,checkout
5679,3822,add_to_cart
5680,2763,homepage_view
5681,759,add_to_cart
5682,747,add_to_cart
5683,593,product_view
5684,3428,add_to_cart
5685,1549,product_view
5686,2887,product_view
5687,16,product_view
5688,993,checkout
5689,1069,product_view
5690,1345,product_view
5691,2699,add_to_cart
5692,3398,add_to_cart
5693,2196,add_to_cart
5694,2403,homepage_view
5695,3308,add_to_cart
5696,703,product_view
5697,613,product_view
5698,105,product_view
5699,1498,add_to_cart
5700,3834,checkout
5701,396,add_to_cart
5702,3518,product_view
5703,2654,product_view
5704,3292,homepage_view
5705,2011,purchase
5706,3882,product_view
5707,851,product_view
5708,1989,add_to_cart
5709,442,homepage_view
5710,1669,checkout
5711,873,checkout
5712,667,checkout
5713,1052,homepage_view
5714,2842,product_view
5715,2523,homepage_view
5716,628,product_view
5717,3377,add_to_cart
5718,3818,homepage_view
5719,1429,add_to_cart
5720,3585,product_view
5721,2550,checkout
5722,348,product_view
5723,1264,product_view
5724,1018,product_view
5725,570,checkout
5726,3919,product_view
5727,2743,product_view
5728,3409,homepage_view
5729,2074,product_view
5730,3481,checkout
5731,3149,checkout
5732,1953,homepage_view
5733,2265,product_view
5734,1352,homepage_view
5735,2885,purchase
5736,2822,add_to_cart
5737,3095,add_to_cart
5738,3828,add_to_cart
5739,670,checkout
5740,718,purchase
5741,2358,homepage_view
5742,2647,purchase
5743,267,checkout
5744,1439,product_view
5745,2694,checkout
5746,3339,add_to_cart
5747,1357,checkout
5748,1023,homepage_view
5749,3852,add_to_cart
5750,2038,homepage_view
5751,2498,checkout
5752,565,purchase
5753,3683,add_to_cart
5754,1271,product_view
5755,1060,add_to_cart
5756,1425,product_view
5757,28,add_to_cart
5758,220,add_to_cart
5759,406,homepage_view
5760,1638,homepage_view
5761,1799,add_to_cart
5762,2319,product_view
5763,1760,checkout
5764,1675,product_view
5765,792,homepage_view
5766,3583,add_to_cart
5767,963,add_to_cart
5768,1310,product_view
5769,3526,add_to_cart
5770,3834,product_view
5771,834,add_to_cart
5772,317,homepage_view
5773,3662,product_view
5774,1321,homepage_view
5775,2386,homepage_view
5776,1331,homepage_view
5777,3500,homepage_view
5778,351,purchase
5779,511,homepage_view
5780,2573,homepage_view
5781,3930,checkout
5782,492,product_view
5783,1932,product_view
5784,1618,product_view
5785,2057,product_view
5786,1521,product_view
5787,3797,homepage_view
5788,1584,checkout
5789,2609,homepage_view
5790,3893,homepage_view
5791,2488,product_view
5792,1576,product_view
5793,3947,product_view
5794,2840,checkout
5795,1762,purchase
5796,1992,checkout
5797,3180,homepage_view
5798,1269,purchase
5799,3327,product_view
5800,2081,homepage_view
5801,1047,product_view
5802,2893,add_to_cart
5803,2614,homepage_view
5804,3893,add_to_cart
5805,49,checkout
5806,462,homepage_view
5807,2638,add_to_cart
5808,336,product_view
5809,1382,product_view
5810,1146,homepage_view
5811,3516,add_to_cart
5812,359,product_view
5813,3674,checkout
5814,2394,purchase
5815,193,purchase
5816,1440,homepage_view
5817,1401,homepage_view
5818,3535,product_view
5819,756,add_to_cart
5820,1685,purchase
5821,3218,checkout
5822,2526,add_to_cart
5823,828,homepage_view
5824,890,checkout
5825,653,homepage_view
5826,2456,homepage_view
5827,2334,checkout
5828,1922,product_view
5829,851,homepage_view
5830,111,product_view
5831,620,homepage_view
5832,3951,add_to_cart
5833,793,homepage_view
5834,2098,checkout
5835,3086,product_view
5836,1158,product_view
5837,588,homepage_view
5838,2644,homepage_view
5839,3415,add_to_cart
5840,2718,add_to_cart
5841,1310,homepage_view
5842,1958,product_view
5843,2362,checkout
5844,2654,product_view
5845,297,homepage_view
5846,1630,product_view
5847,569,add_to_cart
5848,1188,homepage_view
5849,832,product_view
5850,3569,add_to_cart
5851,610,purchase
5852,16,product_view
5853,3416,homepage_view
5854,3150,product_view
5855,1370,homepage_view
5856,72,homepage_view
5857,270,add_to_cart
5858,287,purchase
5859,66,checkout
5860,880,homepage_view
5861,68,checkout
5862,1217,homepage_view
5863,3127,homepage_view
5864,3028,purchase
5865,1403,purchase
5866,974,homepage_view
5867,3240,homepage_view
5868,3481,homepage_view
5869,508,add_to_cart
5870,3609,checkout
5871,3715,homepage_view
5872,2885,product_view
5873,1126,homepage_view
5874,886,homepage_view
5875,2842,checkout
5876,3880,checkout
5877,3878,homepage_view
5878,2470,homepage_view
5879,1988,homepage_view
5880,775,product_view
5881,2526,homepage_view
5882,926,product_view
5883,120,product_view
5884,1939,homepage_view
5885,3815,add_to_cart
5886,3363,homepage_view
5887,488,checkout
5888,3233,product_view
5889,3745,checkout
5890,2126,homepage_view
5891,3110,add_to_cart
5892,3466,homepage_view
5893,441,purchase
5894,3612,add_to_cart
5895,462,product_view
5896,612,product_view
5897,1318,checkout
5898,3472,purchase
5899,1660,checkout
5900,917,checkout
5901,3164,checkout
5902,3839,product_view
5903,2657,homepage_view
5904,6,homepage_view
5905,681,add_to_cart
5906,2943,product_view
5907,2319,product_view
5908,1644,homepage_view
5909,3971,add_to_cart
5910,2859,homepage_view
5911,2607,product_view
5912,99,product_view
5913,526,homepage_view
5914,2242,checkout
5915,1181,product_view
5916,3972,checkout
5917,1690,homepage_view
5918,1139,homepage_view
5919,396,homepage_view
5920,770,homepage_view
5921,3729,homepage_view
5922,1827,homepage_view
5923,3072,checkout
5924,1546,purchase
5925,2928,purchase
5926,3286,purchase
5927,2793,product_view
5928,683,product_view
5929,1557,homepage_view
5930,15,homepage_view
5931,3491,checkout
5932,2416,checkout
5933,2686,checkout
5934,2901,checkout
5935,3925,homepage_view
5936,1237,product_view
5937,2748,product_view
5938,3756,purchase
5939,3831,purchase
5940,5,add_to_cart
5941,2279,homepage_view
5942,3273,homepage_view
5943,1909,product_view
5944,1426,checkout
5945,3221,homepage_view
5946,1608,homepage_view
5947,3564,product_view
5948,3060,purchase
5949,3298,product_view
5950,2634,add_to_cart
5951,3891,product_view
5952,169,homepage_view
5953,2809,homepage_view
5954,792,checkout
5955,1000,checkout
5956,152,product_view
5957,3064,product_view
5958,2272,checkout
5959,504,add_to_cart
5960,3809,homepage_view
5961,1574,product_view
5962,2092,add_to_cart
5963,2745,product_view
5964,504,purchase
5965,3313,checkout
5966,2978,homepage_view
5967,843,add_to_cart
5968,351,product_view
5969,3794,add_to_cart
5970,2071,add_to_cart
5971,1660,product_view
5972,598,checkout
5973,1067,add_to_cart
5974,2514,checkout
5975,40,homepage_view
5976,2351,product_view
5977,3753,add_to_cart
5978,175,purchase
5979,999,product_view
5980,3604,homepage_view
5981,1485,product_view
5982,2669,product_view
5983,1217,checkout
5984,2292,add_to_cart
5985,836,purchase
5986,2328,checkout
5987,3812,homepage_view
5988,1060,add_to_cart
5989,2605,add_to_cart
5990,898,purchase
5991,1564,homepage_view
5992,3226,homepage_view
5993,1047,homepage_view
5994,2767,add_to_cart
5995,932,homepage_view
5996,2139,add_to_cart
5997,2438,checkout
5998,3431,product_view
5999,2598,product_view
6000,2979,purchase
6001,1252,product_view
6002,1226,homepage_view
6003,1374,product_view
6004,3893,product_view
6005,3838,homepage_view
6006,1062,add_to_cart
6007,2781,purchase
6008,500,add_to_cart
6009,1723,product_view
6010,3115,product_view
6011,2919,purchase
6012,3698,checkout
6013,3844,product_view
6014,2565,product_view
6015,2116,add_to_cart
6016,1764,product_view
6017,2171,homepage_view
6018,1709,product_view
6019,336,product_view
6020,1177,homepage_view
6021,3022,homepage_view
6022,779,homepage_view
6023,3741,add_to_cart
6024,1186,add_to_cart
6025,3286,homepage_view
6026,1934,purchase
6027,3448,product_view
6028,3992,homepage_view
6029,1467,homepage_view
6030,2471,add_to_cart
6031,1562,homepage_view
6032,939,homepage_view
6033,804,add_to_cart
6034,3773,product_view
6035,1936,checkout
6036,634,checkout
6037,1254,purchase
6038,1083,homepage_view
6039,2144,homepage_view
6040,1286,purchase
6041,354,add_to_cart
6042,3384,add_to_cart
6043,1160,homepage_view
6044,1886,homepage_view
6045,1819,homepage_view
6046,967,product_view
6047,2971,homepage_view
6048,2521,product_view
6049,3704,product_view
6050,2478,homepage_view
6051,3023,homepage_view
6052,2585,product_view
6053,3926,homepage_view
6054,1170,homepage_view
6055,1548,homepage_view
6056,2135,product_view
6057,109,add_to_cart
6058,3495,homepage_view
6059,1369,add_to_cart
6060,3338,checkout
6061,1758,add_to_cart
6062,3658,homepage_view
6063,994,product_view
6064,1518,add_to_cart
6065,1357,purchase
6066,822,purchase
6067,3485,product_view
6068,3686,add_to_cart
6069,937,checkout
6070,3053,checkout
6071,2697,product_view
6072,191,homepage_view
6073,1997,homepage_view
6074,933,product_view
6075,142,add_to_cart
6076,1893,purchase
6077,3145,checkout
6078,2888,homepage_view
6079,3239,add_to_cart
6080,2216,homepage_view
6081,566,add_to_cart
6082,1283,add_to_cart
6083,1463,homepage_view
6084,1135,homepage_view
6085,744,homepage_view
6086,673,homepage_view
6087,2912,checkout
6088,2887,homepage_view
6089,531,homepage_view
6090,1314,homepage_view
6091,3022,checkout
6092,562,product_view
6093,1534,homepage_view
6094,2223,add_to_cart
6095,302,product_view
6096,3768,product_view
6097,185,add_to_cart
6098,3411,homepage_view
6099,510,checkout
6100,2867,product_view
6101,1334,product_view
6102,3579,homepage_view
6103,1370,checkout
6104,3153,product_view
6105,3446,homepage_view
6106,2204,homepage_view
6107,2835,product_view
6108,795,checkout
6109,2480,purchase
6110,1524,add_to_cart
6111,761,product_view
6112,2195,homepage_view
6113,2529,add_to_cart
6114,435,purchase
6115,1543,product_view
6116,3741,homepage_view
6117,2039,homepage_view
6118,1707,homepage_view
6119,69,product_view
6120,1630,purchase
6121,1905,homepage_view
6122,2923,product_view
6123,3960,product_view
6124,2234,purchase
6125,2952,product_view
6126,2730,homepage_view
6127,2252,homepage_view
6128,554,product_view
6129,2061,checkout
6130,2714,homepage_view
6131,1298,product_view
6132,3370,add_to_cart
6133,2099,product_view
6134,500,homepage_view
6135,2417,purchase
6136,2772,product_view
6137,3728,add_to_cart
6138,2405,add_to_cart
6139,3075,purchase
6140,3326,product_view
6141,3547,product_view
6142,2895,product_view
6143,1530,product_view
6144,2304,homepage_view
6145,3682,purchase
6146,3757,checkout
6147,3222,product_view
6148,1512,product_view
6149,279,homepage_view
6150,1083,checkout
6151,446,product_view
6152,2161,product_view
6153,836,purchase
6154,755,product_view
6155,1846,checkout
6156,1593,product_view
6157,1513,add_to_cart
6158,1431,product_view
6159,2415,product_view
6160,1084,purchase
6161,2377,add_to_cart
6162,2776,product_view
6163,3541,homepage_view
6164,3817,homepage_view
6165,3054,add_to_cart
6166,1591,product_view
6167,1909,checkout
6168,2768,product_view
6169,3135,product_view
6170,2232,checkout
6171,1023,product_view
6172,2359,checkout
6173,3865,add_to_cart
6174,1562,homepage_view
6175,177,product_view
6176,3647,homepage_view
6177,3501,product_view
6178,3145,homepage_view
6179,847,add_to_cart
6180,3239,homepage_view
6181,1249,homepage_view
6182,1601,product_view
6183,1605,homepage_view
6184,1976,homepage_view
6185,2057,product_view
6186,236,homepage_view
6187,710,homepage_view
6188,2972,homepage_view
6189,2733,checkout
6190,794,add_to_cart
6191,3100,product_view
6192,2856,purchase
6193,1935,homepage_view
6194,1670,product_view
6195,27,checkout
6196,2598,add_to_cart
6197,3268,purchase
6198,1227,purchase
6199,85,homepage_view
6200,1856,purchase
6201,3102,purchase
6202,2514,product_view
6203,1123,purchase
6204,3971,homepage_view
6205,1214,add_to_cart
6206,12,homepage_view
6207,3675,homepage_view
6208,1013,product_view
6209,3102,product_view
6210,1749,add_to_cart
6211,3110,product_view
6212,1877,product_view
6213,2620,homepage_view
6214,1318,add_to_cart
6215,1384,checkout
6216,1679,add_to_cart
6217,2962,add_to_cart
6218,180,product_view
6219,797,product_view
6220,3184,product_view
6221,3814,purchase
6222,1468,add_to_cart
6223,3093,product_view
6224,3217,product_view
6225,2025,product_view
6226,3571,add_to_cart
6227,3218,product_view
6228,2489,add_to_cart
6229,887,product_view
6230,2469,product_view
6231,3388,checkout
6232,1190,product_view
6233,1676,purchase
6234,3275,homepage_view
6235,1520,homepage_view
6236,3828,product_view
6237,3697,checkout
6238,2516,add_to_cart
6239,2761,homepage_view
6240,2433,homepage_view
6241,2362,product_view
6242,771,homepage_view
6243,1279,product_view
6244,959,product_view
6245,917,add_to_cart
6246,2071,homepage_view
6247,3977,homepage_view
6248,1782,product_view
6249,339,homepage_view
6250,1517,product_view
6251,2871,checkout
6252,3583,homepage_view
6253,2414,homepage_view
6254,1396,homepage_view
6255,915,checkout
6256,1854,homepage_view
6257,3671,purchase
6258,3291,product_view
6259,475,product_view
6260,1447,homepage_view
6261,1380,add_to_cart
6262,1484,add_to_cart
6263,3575,product_view
6264,2075,product_view
6265,2990,product_view
6266,2850,product_view
6267,801,product_view
6268,2908,product_view
6269,1247,add_to_cart
6270,864,homepage_view
6271,2738,product_view
6272,1172,product_view
6273,3496,homepage_view
6274,739,product_view
6275,1375,homepage_view
6276,3258,homepage_view
6277,2463,purchase
6278,3878,product_view
6279,982,product_view
6280,2477,checkout
6281,2089,homepage_view
6282,2953,checkout
6283,1012,homepage_view
6284,3465,add_to_cart
6285,2751,add_to_cart
6286,2127,purchase
6287,717,add_to_cart
6288,3968,product_view
6289,3862,product_view
6290,1808,homepage_view
6291,2592,add_to_cart
6292,1474,homepage_view
6293,2522,product_view
6294,1166,add_to_cart
6295,3323,checkout
6296,2342,product_view
6297,610,checkout
6298,2184,homepage_view
6299,2532,homepage_view
6300,1813,product_view
6301,1336,add_to_cart
6302,2862,add_to_cart
6303,555,add_to_cart
6304,1656,homepage_view
6305,1756,add_to_cart
6306,46,homepage_view
6307,1260,homepage_view
6308,1072,homepage_view
6309,2246,add_to_cart
6310,2132,product_view
6311,543,homepage_view
6312,3233,product_view
6313,1452,product_view
6314,2119,checkout
6315,2568,product_view
6316,1993,homepage_view
6317,2946,purchase
6318,913,homepage_view
6319,3124,add_to_cart
6320,1069,product_view
6321,2341,homepage_view
6322,2986,add_to_cart
6323,812,homepage_view
6324,1489,checkout
6325,1909,homepage_view
6326,1574,product_view
6327,867,add_to_cart
6328,2428,homepage_view
6329,3055,product_view
6330,1767,checkout
6331,3550,add_to_cart
6332,2310,product_view
6333,580,add_to_cart
6334,3251,purchase
6335,2405,homepage_view
6336,1443,product_view
6337,698,homepage_view
6338,1977,checkout
6339,3273,add_to_cart
6340,3974,checkout
6341,3085,purchase
6342,2491,homepage_view
6343,726,homepage_view
6344,3804,homepage_view
6345,286,product_view
6346,3828,add_to_cart
6347,1892,checkout
6348,3330,product_view
6349,570,product_view
6350,3620,checkout
6351,2888,homepage_view
6352,1965,homepage_view
6353,1514,add_to_cart
6354,498,product_view
6355,3977,purchase
6356,1918,product_view
6357,705,add_to_cart
6358,1357,add_to_cart
6359,562,homepage_view
6360,1999,homepage_view
6361,32,homepage_view
6362,3682,homepage_view
6363,43,product_view
6364,1917,product_view
6365,1375,add_to_cart
6366,3406,add_to_cart
6367,1846,homepage_view
6368,559,add_to_cart
6369,2318,product_view
6370,3895,purchase
6371,1437,purchase
6372,943,checkout
6373,1599,add_to_cart
6374,3091,homepage_view
6375,1371,homepage_view
6376,1929,checkout
6377,1637,product_view
6378,2085,product_view
6379,3691,checkout
6380,92,add_to_cart
6381,1844,homepage_view
6382,185,homepage_view
6383,728,homepage_view
6384,1052,add_to_cart
6385,1572,product_view
6386,2420,purchase
6387,832,add_to_cart
6388,3602,homepage_view
6389,345,homepage_view
6390,1443,product_view
6391,1220,purchase
6392,2126,homepage_view
6393,167,checkout
6394,3162,product_view
6395,264,homepage_view
6396,1496,purchase
6397,1232,homepage_view
6398,2772,add_to_cart
6399,3343,homepage_view
6400,1287,checkout
6401,1530,checkout
6402,1809,checkout
6403,2560,homepage_view
6404,1878,homepage_view
6405,1750,product_view
6406,1910,homepage_view
6407,2624,add_to_cart
6408,3596,product_view
6409,2770,homepage_view
6410,1336,add_to_cart
6411,1198,checkout
6412,2479,purchase
6413,768,product_view
6414,2511,product_view
6415,101,homepage_view
6416,3088,homepage_view
6417,1733,product_view
6418,3330,purchase
6419,1920,homepage_view
6420,2292,homepage_view
6421,1372,homepage_view
6422,3321,homepage_view
6423,105,homepage_view
6424,694,product_view
6425,1691,product_view
6426,1311,homepage_view
6427,3241,homepage_view
6428,3492,add_to_cart
6429,1071,product_view
6430,1067,homepage_view
6431,3393,purchase
6432,818,product_view
6433,2269,add_to_cart
6434,1537,checkout
6435,3784,product_view
6436,3513,checkout
6437,2192,purchase
6438,890,homepage_view
6439,3100,checkout
6440,1878,homepage_view
6441,1874,homepage_view
6442,790,checkout
6443,553,purchase
6444,844,add_to_cart
6445,659,homepage_view
6446,3929,product_view
6447,3762,product_view
6448,3899,homepage_view
6449,2885,purchase
6450,1019,product_view
6451,1954,homepage_view
6452,1191,homepage_view
6453,3707,product_view
6454,3658,add_to_cart
6455,751,homepage_view
6456,2297,checkout
6457,775,homepage_view
6458,2812,product_view
6459,1381,add_to_cart
6460,3183,homepage_view
6461,692,add_to_cart
6462,3772,checkout
6463,2868,add_to_cart
6464,719,product_view
6465,234,checkout
6466,2072,purchase
6467,3098,homepage_view
6468,1405,add_to_cart
6469,3802,homepage_view
6470,1006,homepage_view
6471,1370,homepage_view
6472,1402,purchase
6473,2570,product_view
6474,2065,homepage_view
6475,2293,homepage_view
6476,2766,purchase
6477,2818,product_view
6478,3696,product_view
6479,717,checkout
6480,1563,add_to_cart
6481,3655,homepage_view
6482,1712,product_view
6483,1226,purchase
6484,1272,purchase
6485,2166,homepage_view
6486,9,homepage_view
6487,598,homepage_view
6488,23,product_view
6489,1991,add_to_cart
6490,2288,homepage_view
6491,1609,add_to_cart
6492,2075,add_to_cart
6493,3032,add_to_cart
6494,3933,purchase
6495,1105,product_view
6496,3668,product_view
6497,2247,add_to_cart
6498,3627,checkout
6499,2823,homepage_view
6500,92,checkout
6501,851,homepage_view
6502,1983,homepage_view
6503,1108,homepage_view
6504,300,purchase
6505,2344,product_view
6506,2695,homepage_view
6507,1478,purchase
6508,1305,add_to_cart
6509,1001,checkout
6510,1083,homepage_view
6511,2957,homepage_view
6512,2919,product_view
6513,1366,checkout
6514,2801,add_to_cart
6515,3537,add_to_cart
6516,3952,add_to_cart
6517,2390,homepage_view
6518,3682,add_to_cart
6519,2110,product_view
6520,776,homepage_view
6521,2673,homepage_view
6522,1453,checkout
6523,1682,checkout
6524,1752,homepage_view
6525,2304,homepage_view
6526,2876,homepage_view
6527,3062,purchase
6528,1852,add_to_cart
6529,1898,purchase
6530,3842,checkout
6531,1730,product_view
6532,3419,homepage_view
6533,3598,product_view
6534,1328,homepage_view
6535,615,homepage_view
6536,245,homepage_view
6537,757,add_to_cart
6538,824,product_view
6539,2828,product_view
6540,3808,product_view
6541,2780,homepage_view
6542,1847,add_to_cart
6543,1436,add_to_cart
6544,2926,homepage_view
6545,1241,add_to_cart
6546,516,product_view
6547,474,homepage_view
6548,36,homepage_view
6549,3250,purchase
6550,1411,homepage_view
6551,1793,product_view
6552,3089,checkout
6553,1735,product_view
6554,830,homepage_view
6555,3120,checkout
6556,3134,product_view
6557,1093,add_to_cart
6558,3731,add_to_cart
6559,3943,checkout
6560,2414,purchase
6561,1186,checkout
6562,1763,add_to_cart
6563,945,checkout
6564,3024,purchase
6565,1512,purchase
6566,431,checkout
6567,2023,homepage_view
6568,859,add_to_cart
6569,3561,homepage_view
6570,230,product_view
6571,2418,homepage_view
6572,178,purchase
6573,3929,product_view
6574,1434,add_to_cart
6575,2616,product_view
6576,1614,homepage_view
6577,3342,product_view
6578,3278,add_to_cart
6579,2841,checkout
6580,1764,homepage_view
6581,2948,homepage_view
6582,1775,add_to_cart
6583,975,homepage_view
6584,3872,homepage_view
6585,82,homepage_view
6586,846,add_to_cart
6587,2810,homepage_view
6588,1217,add_to_cart
6589,618,purchase
6590,3261,checkout
6591,3348,product_view
6592,3146,product_view
6593,3082,homepage_view
6594,3707,homepage_view
6595,2264,homepage_view
6596,2338,product_view
6597,445,product_view
6598,923,purchase
6599,2600,purchase
6600,193,homepage_view
6601,1663,add_to_cart
6602,289,homepage_view
6603,2631,add_to_cart
6604,3721,homepage_view
6605,1168,purchase
6606,3461,checkout
6607,3938,homepage_view
6608,3964,checkout
6609,1431,add_to_cart
6610,1835,product_view
6611,3442,add_to_cart
6612,2905,add_to_cart
6613,3513,checkout
6614,1971,checkout
6615,2829,product_view
6616,896,checkout
6617,920,purchase
6618,3723,product_view
6619,2612,homepage_view
6620,2035,add_to_cart
6621,1553,purchase
6622,1701,homepage_view
6623,2061,product_view
6624,1726,homepage_view
6625,3035,checkout
6626,2388,purchase
6627,2913,product_view
6628,1898,product_view
6629,3936,purchase
6630,1800,homepage_view
6631,312,checkout
6632,2781,product_view
6633,1128,product_view
6634,339,product_view
6635,3270,add_to_cart
6636,2348,purchase
6637,3516,purchase
6638,359,checkout
6639,3440,homepage_view
6640,2217,product_view
6641,1173,product_view
6642,2809,purchase
6643,768,product_view
6644,3030,purchase
6645,2090,purchase
6646,202,add_to_cart
6647,3018,checkout
6648,3316,purchase
6649,1693,checkout
6650,464,add_to_cart
6651,449,checkout
6652,913,homepage_view
6653,798,add_to_cart
6654,794,homepage_view
6655,437,homepage_view
6656,1917,checkout
6657,1774,add_to_cart
6658,531,homepage_view
6659,565,product_view
6660,1621,purchase
6661,1297,checkout
6662,3502,homepage_view
6663,2920,purchase
6664,213,product_view
6665,949,add_to_cart
6666,3945,add_to_cart
6667,1128,purchase
6668,192,checkout
6669,3761,homepage_view
6670,3731,add_to_cart
6671,1404,product_view
6672,1991,product_view
6673,1105,product_view
6674,705,product_view
6675,549,product_view
6676,3449,homepage_view
6677,1862,add_to_cart
6678,154,add_to_cart
6679,1666,product_view
6680,571,purchase
6681,3808,homepage_view
6682,1785,add_to_cart
6683,2288,add_to_cart
6684,2422,homepage_view
6685,3973,homepage_view
6686,805,purchase
6687,799,product_view
6688,3276,product_view
6689,611,product_view
6690,3422,checkout
6691,2736,product_view
6692,2822,checkout
6693,1807,product_view
6694,143,product_view
6695,3261,homepage_view
6696,272,checkout
6697,1556,add_to_cart
6698,3917,product_view
6699,3372,homepage_view
6700,2474,product_view
6701,2094,homepage_view
6702,2143,product_view
6703,2112,checkout
6704,2461,checkout
6705,3715,homepage_view
6706,3081,purchase
6707,459,purchase
6708,1739,product_view
6709,1433,product_view
6710,2518,purchase
6711,2858,add_to_cart
6712,506,product_view
6713,1710,add_to_cart
6714,1097,homepage_view
6715,84,checkout
6716,59,product_view
6717,1045,add_to_cart
6718,1482,homepage_view
6719,2966,product_view
6720,2205,product_view
6721,3903,product_view
6722,1353,checkout
6723,1597,homepage_view
6724,576,homepage_view
6725,2885,add_to_cart
6726,680,add_to_cart
6727,203,homepage_view
6728,3713,homepage_view
6729,3829,purchase
6730,1130,homepage_view
6731,3905,checkout
6732,3194,product_view
6733,318,add_to_cart
6734,1206,homepage_view
6735,1639,checkout
6736,3388,homepage_view
6737,3886,product_view
6738,1797,homepage_view
6739,3697,checkout
6740,406,checkout
6741,3034,product_view
6742,2997,product_view
6743,3142,checkout
6744,3232,checkout
6745,3312,add_to_cart
6746,3595,purchase
6747,3210,product_view
6748,2543,homepage_view
6749,679,homepage_view
6750,1271,add_to_cart
6751,1890,product_view
6752,3615,homepage_view
6753,1548,homepage_view
6754,3315,product_view
6755,1644,homepage_view
6756,1360,homepage_view
6757,1446,purchase
6758,835,product_view
6759,2242,homepage_view
6760,2356,add_to_cart
6761,1669,checkout
6762,1931,add_to_cart
6763,2554,homepage_view
6764,281,checkout
6765,3875,product_view
6766,2723,product_view
6767,1814,add_to_cart
6768,933,add_to_cart
6769,3511,add_to_cart
6770,2763,purchase
6771,608,add_to_cart
6772,483,checkout
6773,1247,add_to_cart
6774,1773,product_view
6775,2165,product_view
6776,3016,homepage_view
6777,192,homepage_view
6778,2836,checkout
6779,2666,add_to_cart
6780,2018,homepage_view
6781,2564,product_view
6782,3602,homepage_view
6783,307,checkout
6784,532,homepage_view
6785,122,add_to_cart
6786,2697,add_to_cart
6787,592,product_view
6788,3226,homepage_view
6789,2918,product_view
6790,3609,checkout
6791,1476,checkout
6792,3241,add_to_cart
6793,59,add_to_cart
6794,2349,homepage_view
6795,2601,homepage_view
6796,1574,checkout
6797,1141,checkout
6798,1811,add_to_cart
6799,1806,add_to_cart
6800,3199,product_view
6801,3477,homepage_view
6802,399,add_to_cart
6803,2563,purchase
6804,2853,product_view
6805,3957,product_view
6806,2546,homepage_view
6807,942,homepage_view
6808,528,product_view
6809,2446,purchase
6810,3337,checkout
6811,1775,checkout
6812,3335,add_to_cart
6813,1422,product_view
6814,1670,purchase
6815,3797,product_view
6816,1551,purchase
6817,436,checkout
6818,840,product_view
6819,360,product_view
6820,1153,product_view
6821,864,homepage_view
6822,2682,product_view
6823,3313,checkout
6824,1651,add_to_cart
6825,1733,homepage_view
6826,1246,product_view
6827,2262,add_to_cart
6828,916,product_view
6829,2640,product_view
6830,1799,add_to_cart
6831,2183,product_view
6832,3890,homepage_view
6833,2802,product_view
6834,386,product_view
6835,1327,homepage_view
6836,1806,product_view
6837,3359,product_view
6838,1586,checkout
6839,1213,add_to_cart
6840,3369,add_to_cart
6841,1550,product_view
6842,389,homepage_view
6843,3531,product_view
6844,2792,checkout
6845,3333,product_view
6846,704,product_view
6847,2973,homepage_view
6848,1739,purchase
6849,2821,purchase
6850,3185,homepage_view
6851,3958,add_to_cart
6852,864,homepage_view
6853,1060,add_to_cart
6854,79,homepage_view
6855,1299,homepage_view
6856,1302,homepage_view
6857,674,purchase
6858,2360,checkout
6859,3601,homepage_view
6860,204,add_to_cart
6861,985,homepage_view
6862,1976,homepage_view
6863,17,checkout
6864,3786,homepage_view
6865,476,add_to_cart
6866,3583,product_view
6867,1017,homepage_view
6868,210,product_view
6869,499,purchase
6870,3474,checkout
6871,429,homepage_view
6872,3150,checkout
6873,3640,purchase
6874,3152,homepage_view
6875,1330,product_view
6876,2106,homepage_view
6877,1554,product_view
6878,1232,add_to_cart
6879,1535,homepage_view
6880,3207,homepage_view
6881,1868,product_view
6882,3042,product_view
6883,2570,product_view
6884,2629,add_to_cart
6885,1877,homepage_view
6886,899,product_view
6887,1107,homepage_view
6888,2669,purchase
6889,1068,product_view
6890,1507,homepage_view
6891,3014,homepage_view
6892,2958,homepage_view
6893,1668,homepage_view
6894,493,add_to_cart
6895,2547,checkout
6896,3090,product_view
6897,605,product_view
6898,948,add_to_cart
6899,294,product_view
6900,1172,homepage_view
6901,3544,homepage_view
6902,2019,checkout
6903,172,checkout
6904,1587,homepage_view
6905,531,homepage_view
6906,1144,checkout
6907,1860,product_view
6908,1761,add_to_cart
6909,2114,homepage_view
6910,2189,purchase
6911,2494,checkout
6912,3578,homepage_view
6913,189,product_view
6914,158,homepage_view
6915,3682,product_view
6916,2718,add_to_cart
6917,1971,product_view
6918,246,add_to_cart
6919,2904,homepage_view
6920,2992,add_to_cart
6921,2796,product_view
6922,3105,checkout
6923,3433,homepage_view
6924,3825,product_view
6925,2378,product_view
6926,2560,product_view
6927,850,product_view
6928,1811,product_view
6929,1095,purchase
6930,1337,homepage_view
6931,3987,checkout
6932,3800,product_view
6933,2127,product_view
6934,169,add_to_cart
6935,2858,checkout
6936,3031,product_view
6937,2228,checkout
6938,1652,homepage_view
6939,2308,add_to_cart
6940,1510,product_view
6941,1796,product_view
6942,3077,product_view
6943,2345,product_view
6944,620,product_view
6945,2903,product_view
6946,2408,add_to_cart
6947,2165,product_view
6948,357,product_view
6949,3005,homepage_view
6950,3915,checkout
6951,2487,checkout
6952,3403,homepage_view
6953,3597,homepage_view
6954,1678,homepage_view
6955,1212,checkout
6956,1305,checkout
6957,1535,homepage_view
6958,1490,checkout
6959,3187,homepage_view
6960,1964,homepage_view
6961,3308,purchase
6962,1362,checkout
6963,2570,checkout
6964,199,product_view
6965,1788,product_view
6966,1074,checkout
6967,1166,add_to_cart
6968,1807,homepage_view
6969,3600,product_view
6970,1538,checkout
6971,2718,purchase
6972,3102,add_to_cart
6973,3154,add_to_cart
6974,31,homepage_view
6975,3820,add_to_cart
6976,3056,add_to_cart
6977,2381,homepage_view
6978,660,checkout
6979,2225,purchase
6980,2418,homepage_view
6981,547,checkout
6982,2583,add_to_cart
6983,1130,add_to_cart
6984,2145,checkout
6985,2278,homepage_view
6986,2275,checkout
6987,371,product_view
6988,1124,checkout
6989,1469,product_view
6990,1492,homepage_view
6991,2103,product_view
6992,3267,homepage_view
6993,3592,homepage_view
6994,2472,homepage_view
6995,2363,checkout
6996,1152,checkout
6997,2080,purchase
6998,93,checkout
6999,2567,checkout
7000,1282,homepage_view
7001,2901,checkout
7002,1926,checkout
7003,1244,homepage_view
7004,2800,add_to_cart
7005,3178,product_view
7006,1572,purchase
7007,416,add_to_cart
7008,2605,purchase
7009,3882,homepage_view
7010,3381,homepage_view
7011,2414,purchase
7012,1545,homepage_view
7013,3531,product_view
7014,2647,add_to_cart
7015,3442,checkout
7016,2379,homepage_view
7017,689,homepage_view
7018,1666,product_view
7019,3779,product_view
7020,2059,product_view
7021,2866,checkout
7022,1531,add_to_cart
7023,419,checkout
7024,1146,homepage_view
7025,911,add_to_cart
7026,3307,purchase
7027,1355,add_to_cart
7028,1567,homepage_view
7029,2396,purchase
7030,3006,product_view
7031,412,checkout
7032,1248,homepage_view
7033,153,add_to_cart
7034,1236,purchase
7035,92,product_view
7036,3993,homepage_view
7037,331,homepage_view
7038,3539,homepage_view
7039,3932,product_view
7040,1665,add_to_cart
7041,955,homepage_view
7042,3781,homepage_view
7043,3018,product_view
7044,2602,product_view
7045,3950,add_to_cart
7046,2978,add_to_cart
7047,1252,checkout
7048,194,homepage_view
7049,530,product_view
7050,2893,product_view
7051,1267,homepage_view
7052,3461,product_view
7053,3348,checkout
7054,1474,homepage_view
7055,639,homepage_view
7056,1611,add_to_cart
7057,1598,add_to_cart
7058,2526,product_view
7059,2528,add_to_cart
7060,2336,purchase
7061,698,homepage_view
7062,3762,homepage_view
7063,2046,homepage_view
7064,1702,add_to_cart
7065,2743,product_view
7066,540,purchase
7067,330,add_to_cart
7068,470,product_view
7069,3831,homepage_view
7070,2897,add_to_cart
7071,534,homepage_view
7072,1963,purchase
7073,467,product_view
7074,3025,homepage_view
7075,2468,add_to_cart
7076,3680,homepage_view
7077,3194,product_view
7078,762,homepage_view
7079,1006,add_to_cart
7080,891,product_view
7081,2356,product_view
7082,1956,add_to_cart
7083,2972,homepage_view
7084,2382,product_view
7085,954,product_view
7086,1444,product_view
7087,3398,purchase
7088,3070,homepage_view
7089,1673,add_to_cart
7090,2837,product_view
7091,832,product_view
7092,844,checkout
7093,3645,homepage_view
7094,2298,checkout
7095,3167,homepage_view
7096,1320,product_view
7097,184,add_to_cart
7098,1284,homepage_view
7099,2847,checkout
7100,1691,homepage_view
7101,2234,checkout
7102,1433,product_view
7103,3141,add_to_cart
7104,2886,purchase
7105,1797,product_view
7106,627,homepage_view
7107,2907,checkout
7108,2056,homepage_view
7109,3337,add_to_cart
7110,783,purchase
7111,1508,add_to_cart
7112,1785,homepage_view
7113,3689,homepage_view
7114,775,homepage_view
7115,1760,product_view
7116,1864,homepage_view
7117,1007,checkout
7118,3443,product_view
7119,3855,purchase
7120,677,checkout
7121,3155,purchase
7122,1831,homepage_view
7123,3718,product_view
7124,211,product_view
7125,1337,homepage_view
7126,1628,add_to_cart
7127,1361,checkout
7128,490,homepage_view
7129,1427,homepage_view
7130,2687,homepage_view
7131,191,checkout
7132,2719,purchase
7133,843,homepage_view
7134,335,product_view
7135,3594,purchase
7136,1643,product_view
7137,1111,add_to_cart
7138,579,homepage_view
7139,62,product_view
7140,387,product_view
7141,1170,add_to_cart
7142,2201,homepage_view
7143,619,homepage_view
7144,1684,product_view
7145,2746,product_view
7146,3421,checkout
7147,1878,checkout
7148,2226,homepage_view
7149,3961,checkout
7150,2895,homepage_view
7151,487,product_view
7152,3850,checkout
7153,3733,homepage_view
7154,3319,homepage_view
7155,1278,product_view
7156,2548,add_to_cart
7157,541,product_view
7158,3424,product_view
7159,1536,checkout
7160,3850,checkout
7161,2061,checkout
7162,3631,product_view
7163,151,homepage_view
7164,1074,homepage_view
7165,1239,add_to_cart
7166,991,add_to_cart
7167,2692,purchase
7168,372,homepage_view
7169,1137,homepage_view
7170,2300,homepage_view
7171,3413,homepage_view
7172,2101,product_view
7173,1154,purchase
7174,3908,add_to_cart
7175,193,product_view
7176,2639,add_to_cart
7177,1081,homepage_view
7178,2145,checkout
7179,198,add_to_cart
7180,3719,homepage_view
7181,2195,add_to_cart
7182,3756,add_to_cart
7183,1599,homepage_view
7184,1601,homepage_view
7185,3367,product_view
7186,2771,homepage_view
7187,3693,homepage_view
7188,3866,product_view
7189,684,product_view
7190,3084,add_to_cart
7191,3990,purchase
7192,333,add_to_cart
7193,1244,add_to_cart
7194,1422,checkout
7195,1366,add_to_cart
7196,1822,homepage_view
7197,2560,product_view
7198,2220,add_to_cart
7199,1492,add_to_cart
7200,1772,purchase
7201,2011,add_to_cart
7202,3238,checkout
7203,3771,homepage_view
7204,3242,product_view
7205,2612,purchase
7206,2560,homepage_view
7207,3903,homepage_view
7208,1213,product_view
7209,1144,checkout
7210,105,homepage_view
7211,2722,add_to_cart
7212,807,homepage_view
7213,1065,product_view
7214,889,purchase
7215,2924,homepage_view
7216,2725,homepage_view
7217,321,product_view
7218,3958,product_view
7219,2383,homepage_view
7220,3232,product_view
7221,2312,purchase
7222,2913,product_view
7223,3602,product_view
7224,3757,product_view
7225,1501,product_view
7226,2400,homepage_view
7227,1569,add_to_cart
7228,1797,purchase
7229,3282,homepage_view
7230,1520,add_to_cart
7231,1919,homepage_view
7232,1866,add_to_cart
7233,1406,product_view
7234,2724,product_view
7235,1505,product_view
7236,2967,homepage_view
7237,1960,checkout
7238,5,product_view
7239,2082,homepage_view
7240,3864,purchase
7241,1169,homepage_view
7242,2399,add_to_cart
7243,2631,product_view
7244,2513,product_view
7245,348,homepage_view
7246,1766,product_view
7247,125,homepage_view
7248,1814,add_to_cart
7249,3343,add_to_cart
7250,2405,add_to_cart
7251,2575,checkout
7252,3826,purchase
7253,498,product_view
7254,1177,add_to_cart
7255,53,homepage_view
7256,149,checkout
7257,503,checkout
7258,870,homepage_view
7259,3522,product_view
7260,219,purchase
7261,3697,homepage_view
7262,3872,product_view
7263,1301,product_view
7264,2500,product_view
7265,3500,homepage_view
7266,2131,homepage_view
7267,3290,homepage_view
7268,738,checkout
7269,3854,product_view
7270,2575,product_view
7271,2452,product_view
7272,290,homepage_view
7273,2468,purchase
7274,339,checkout
7275,2825,product_view
7276,2759,product_view
7277,1694,add_to_cart
7278,1869,product_view
7279,987,homepage_view
7280,959,product_view
7281,3491,purchase
7282,3981,homepage_view
7283,1231,product_view
7284,2734,homepage_view
7285,3768,homepage_view
7286,1289,add_to_cart
7287,2007,homepage_view
7288,3830,purchase
7289,3108,product_view
7290,373,homepage_view
7291,1512,product_view
7292,3331,checkout
7293,3042,homepage_view
7294,531,product_view
7295,924,checkout
7296,23,homepage_view
7297,2152,purchase
7298,241,homepage_view
7299,1005,homepage_view
7300,2951,add_to_cart
7301,1897,homepage_view
7302,3788,add_to_cart
7303,3325,product_view
7304,1166,homepage_view
7305,814,purchase
7306,655,add_to_cart
7307,3523,product_view
7308,783,product_view
7309,2355,homepage_view
7310,3572,add_to_cart
7311,3694,checkout
7312,8,homepage_view
7313,3141,product_view
7314,3774,product_view
7315,1715,product_view
7316,575,checkout
7317,3140,homepage_view
7318,3790,homepage_view
7319,912,homepage_view
7320,3480,product_view
7321,518,homepage_view
7322,3191,checkout
7323,3897,add_to_cart
7324,3103,homepage_view
7325,1542,add_to_cart
7326,483,add_to_cart
7327,2255,homepage_view
7328,2717,homepage_view
7329,579,homepage_view
7330,387,homepage_view
7331,412,checkout
7332,1866,product_view
7333,1394,purchase
7334,1377,checkout
7335,1968,homepage_view
7336,1360,checkout
7337,2939,homepage_view
7338,906,homepage_view
7339,1313,add_to_cart
7340,963,product_view
7341,965,product_view
7342,2188,add_to_cart
7343,1977,checkout
7344,2348,product_view
7345,1037,product_view
7346,664,product_view
7347,3500,add_to_cart
7348,825,homepage_view
7349,1888,purchase
7350,2448,add_to_cart
7351,992,add_to_cart
7352,1133,purchase
7353,3557,purchase
7354,3960,homepage_view
7355,3428,homepage_view
7356,2197,checkout
7357,3951,purchase
7358,1740,add_to_cart
7359,2355,product_view
7360,3605,add_to_cart
7361,1084,homepage_view
7362,435,purchase
7363,21,product_view
7364,2923,purchase
7365,2430,product_view
7366,2293,purchase
7367,1926,product_view
7368,3145,checkout
7369,1473,purchase
7370,1100,add_to_cart
7371,2746,add_to_cart
7372,2638,homepage_view
7373,390,product_view
7374,3649,checkout
7375,3414,homepage_view
7376,3362,checkout
7377,2616,add_to_cart
7378,1355,homepage_view
7379,2307,homepage_view
7380,426,product_view
7381,1726,homepage_view
7382,1030,purchase
7383,6,add_to_cart
7384,191,product_view
7385,148,homepage_view
7386,405,add_to_cart
7387,258,product_view
7388,2778,homepage_view
7389,3551,product_view
7390,2138,checkout
7391,824,homepage_view
7392,3936,product_view
7393,10,purchase
7394,1111,homepage_view
7395,3834,checkout
7396,838,product_view
7397,3223,homepage_view
7398,988,homepage_view
7399,625,homepage_view
7400,30,homepage_view
7401,2176,homepage_view
7402,3150,product_view
7403,2469,homepage_view
7404,1079,add_to_cart
7405,3552,checkout
7406,2353,checkout
7407,546,product_view
7408,1129,purchase
7409,1196,homepage_view
7410,1523,homepage_view
7411,2070,homepage_view
7412,3359,checkout
7413,2439,checkout
7414,617,add_to_cart
7415,149,product_view
7416,3344,add_to_cart
7417,1812,homepage_view
7418,2347,product_view
7419,172,product_view
7420,47,homepage_view
7421,626,homepage_view
7422,1811,add_to_cart
7423,3888,product_view
7424,2255,product_view
7425,453,product_view
7426,1419,purchase
7427,2973,product_view
7428,754,homepage_view
7429,3373,product_view
7430,2756,add_to_cart
7431,1009,homepage_view
7432,2724,product_view
7433,3248,product_view
7434,2903,product_view
7435,2831,product_view
7436,1134,add_to_cart
7437,2732,purchase
7438,3011,purchase
7439,2912,add_to_cart
7440,1226,product_view
7441,168,checkout
7442,3686,checkout
7443,86,checkout
7444,1678,homepage_view
7445,1983,homepage_view
7446,849,purchase
7447,3797,purchase
7448,3123,product_view
7449,3184,purchase
7450,1487,checkout
7451,442,product_view
7452,271,product_view
7453,1601,add_to_cart
7454,344,product_view
7455,1207,purchase
7456,2551,product_view
7457,3916,checkout
7458,3082,checkout
7459,2542,homepage_view
7460,1258,homepage_view
7461,3370,add_to_cart
7462,2292,homepage_view
7463,1533,add_to_cart
7464,3423,homepage_view
7465,267,product_view
7466,1654,homepage_view
7467,3728,homepage_view
7468,893,homepage_view
7469,2249,purchase
7470,239,product_view
7471,3406,purchase
7472,915,purchase
7473,1439,purchase
7474,3017,product_view
7475,2532,checkout
7476,1461,homepage_view
7477,2294,homepage_view
7478,1882,checkout
7479,3080,homepage_view
7480,2200,purchase
7481,1416,add_to_cart
7482,2259,product_view
7483,367,homepage_view
7484,2992,add_to_cart
7485,3742,product_view
7486,1594,add_to_cart
7487,86,product_view
7488,3127,homepage_view
7489,1737,product_view
7490,1658,product_view
7491,2042,homepage_view
7492,2494,homepage_view
7493,620,product_view
7494,2352,add_to_cart
7495,132,add_to_cart
7496,3493,homepage_view
7497,904,add_to_cart
7498,3457,add_to_cart
7499,988,product_view
7500,1222,product_view
7501,2095,product_view
7502,1764,homepage_view
7503,2805,product_view
7504,1227,product_view
7505,1285,add_to_cart
7506,690,checkout
7507,1048,product_view
7508,687,add_to_cart
7509,786,checkout
7510,340,homepage_view
7511,412,purchase
7512,1997,homepage_view
7513,3333,purchase
7514,286,homepage_view
7515,3585,product_view
7516,1110,add_to_cart
7517,850,purchase
7518,430,homepage_view
7519,1605,checkout
7520,31,add_to_cart
7521,3782,homepage_view
7522,603,product_view
7523,440,product_view
7524,985,product_view
7525,1373,checkout
7526,1919,purchase
7527,412,add_to_cart
7528,528,purchase
7529,310,homepage_view
7530,2997,homepage_view
7531,3468,checkout
7532,1812,checkout
7533,1362,homepage_view
7534,2722,product_view
7535,2039,checkout
7536,2485,homepage_view
7537,704,homepage_view
7538,663,add_to_cart
7539,365,purchase
7540,923,checkout
7541,2161,checkout
7542,3857,product_view
7543,176,add_to_cart
7544,1173,homepage_view
7545,1202,purchase
7546,936,product_view
7547,382,add_to_cart
7548,3295,checkout
7549,1283,homepage_view
7550,3857,purchase
7551,1213,product_view
7552,306,product_view
7553,1402,homepage_view
7554,602,checkout
7555,2391,checkout
7556,3846,homepage_view
7557,2204,homepage_view
7558,712,purchase
7559,3127,homepage_view
7560,3838,add_to_cart
7561,1466,add_to_cart
7562,3757,checkout
7563,3272,product_view
7564,403,product_view
7565,614,purchase
7566,2845,homepage_view
7567,3735,homepage_view
7568,2671,homepage_view
7569,4000,purchase
7570,1802,add_to_cart
7571,2651,homepage_view
7572,177,add_to_cart
7573,449,product_view
7574,743,purchase
7575,1565,homepage_view
7576,1979,add_to_cart
7577,2349,add_to_cart
7578,2755,homepage_view
7579,307,checkout
7580,751,homepage_view
7581,869,add_to_cart
7582,3968,checkout
7583,3339,add_to_cart
7584,214,homepage_view
7585,1618,purchase
7586,1664,homepage_view
7587,2531,add_to_cart
7588,3334,checkout
7589,3139,purchase
7590,1598,add_to_cart
7591,2181,homepage_view
7592,1673,checkout
7593,3612,homepage_view
7594,512,homepage_view
7595,2259,purchase
7596,3036,product_view
7597,987,homepage_view
7598,2765,product_view
7599,253,homepage_view
7600,38,homepage_view
7601,3115,homepage_view
7602,629,checkout
7603,3477,add_to_cart
7604,987,add_to_cart
7605,1726,homepage_view
7606,2094,add_to_cart
7607,1478,product_view
7608,1702,product_view
7609,305,checkout
7610,1739,product_view
7611,2281,add_to_cart
7612,245,purchase
7613,1745,product_view
7614,2808,product_view
7615,3367,add_to_cart
7616,2887,homepage_view
7617,3455,add_to_cart
7618,2206,add_to_cart
7619,3477,homepage_view
7620,1025,homepage_view
7621,217,purchase
7622,2976,add_to_cart
7623,507,homepage_view
7624,761,homepage_view
7625,2952,add_to_cart
7626,2629,homepage_view
7627,1054,homepage_view
7628,2675,checkout
7629,2568,add_to_cart
7630,1905,product_view
7631,275,homepage_view
7632,492,product_view
7633,827,homepage_view
7634,951,product_view
7635,2974,homepage_view
7636,2895,homepage_view
7637,3108,product_view
7638,3383,purchase
7639,3116,homepage_view
7640,1179,product_view
7641,1101,product_view
7642,3662,product_view
7643,1637,checkout
7644,3510,product_view
7645,1456,checkout
7646,3614,homepage_view
7647,39,checkout
7648,2287,homepage_view
7649,3085,homepage_view
7650,2170,homepage_view
7651,144,homepage_view
7652,2732,product_view
7653,2503,product_view
7654,2416,add_to_cart
7655,759,homepage_view
7656,247,product_view
7657,2971,product_view
7658,3117,add_to_cart
7659,765,homepage_view
7660,2423,homepage_view
7661,1315,product_view
7662,207,checkout
7663,3996,add_to_cart
7664,2019,homepage_view
7665,2567,homepage_view
7666,2290,homepage_view
7667,3694,product_view
7668,3186,add_to_cart
7669,2867,homepage_view
7670,2350,product_view
7671,3348,add_to_cart
7672,3168,product_view
7673,1318,homepage_view
7674,701,product_view
7675,3432,product_view
7676,288,checkout
7677,2202,checkout
7678,1594,homepage_view
7679,2471,homepage_view
7680,3988,product_view
7681,850,product_view
7682,50,purchase
7683,1231,product_view
7684,2612,checkout
7685,2902,product_view
7686,2931,checkout
7687,2710,add_to_cart
7688,2613,add_to_cart
7689,2261,product_view
7690,3138,checkout
7691,3304,homepage_view
7692,1909,purchase
7693,2859,add_to_cart
7694,2898,product_view
7695,1687,purchase
7696,1741,checkout
7697,1344,checkout
7698,1791,homepage_view
7699,3209,purchase
7700,2929,add_to_cart
7701,3719,add_to_cart
7702,1961,purchase
7703,3638,homepage_view
7704,1089,homepage_view
7705,3586,product_view
7706,1156,homepage_view
7707,2382,add_to_cart
7708,32,homepage_view
7709,868,homepage_view
7710,2946,product_view
7711,3944,product_view
7712,3570,homepage_view
7713,1267,homepage_view
7714,1216,product_view
7715,1166,add_to_cart
7716,1684,checkout
7717,601,homepage_view
7718,2026,product_view
7719,1585,homepage_view
7720,3720,product_view
7721,988,purchase
7722,1215,product_view
7723,1966,product_view
7724,3221,homepage_view
7725,2647,purchase
7726,1440,product_view
7727,520,product_view
7728,1759,product_view
7729,869,homepage_view
7730,2064,checkout
7731,1832,homepage_view
7732,1130,add_to_cart
7733,283,add_to_cart
7734,3176,homepage_view
7735,361,homepage_view
7736,3730,add_to_cart
7737,1059,product_view
7738,2161,homepage_view
7739,2356,homepage_view
7740,1935,checkout
7741,959,checkout
7742,1077,checkout
7743,3931,product_view
7744,1105,product_view
7745,1640,homepage_view
7746,2882,homepage_view
7747,1393,checkout
7748,2290,checkout
7749,31,checkout
7750,3901,product_view
7751,704,checkout
7752,869,purchase
7753,1385,product_view
7754,233,homepage_view
7755,3682,product_view
7756,1058,homepage_view
7757,1267,checkout
7758,951,product_view
7759,59,product_view
7760,2819,add_to_cart
7761,3601,product_view
7762,3150,homepage_view
7763,2766,purchase
7764,302,homepage_view
7765,3750,add_to_cart
7766,2851,checkout
7767,2945,homepage_view
7768,2046,purchase
7769,2160,product_view
7770,3485,add_to_cart
7771,1924,add_to_cart
7772,317,product_view
7773,1889,homepage_view
7774,1169,add_to_cart
7775,2716,add_to_cart
7776,690,homepage_view
7777,1882,add_to_cart
7778,3720,add_to_cart
7779,1954,product_view
7780,3899,homepage_view
7781,18,product_view
7782,3423,homepage_view
7783,1179,product_view
7784,3856,purchase
7785,1530,homepage_view
7786,778,homepage_view
7787,360,checkout
7788,332,homepage_view
7789,1942,homepage_view
7790,528,add_to_cart
7791,2060,checkout
7792,1099,checkout
7793,212,checkout
7794,1715,product_view
7795,2689,checkout
7796,2331,homepage_view
7797,3267,product_view
7798,2828,product_view
7799,1054,homepage_view
7800,1033,product_view
7801,1333,add_to_cart
7802,3517,product_view
7803,1334,product_view
7804,2725,add_to_cart
7805,2753,add_to_cart
7806,2474,homepage_view
7807,1841,product_view
7808,1796,homepage_view
7809,1728,homepage_view
7810,591,add_to_cart
7811,1715,homepage_view
7812,2139,homepage_view
7813,456,homepage_view
7814,444,checkout
7815,3799,homepage_view
7816,79,add_to_cart
7817,1499,homepage_view
7818,927,checkout
7819,2151,purchase
7820,623,product_view
7821,1480,checkout
7822,3038,add_to_cart
7823,3386,checkout
7824,3319,checkout
7825,234,homepage_view
7826,1618,product_view
7827,2692,purchase
7828,2031,product_view
7829,3307,purchase
7830,2838,add_to_cart
7831,387,product_view
7832,2895,add_to_cart
7833,1635,checkout
7834,38,product_view
7835,1185,homepage_view
7836,1486,add_to_cart
7837,1968,purchase
7838,1473,add_to_cart
7839,3189,homepage_view
7840,241,homepage_view
7841,1050,purchase
7842,1672,homepage_view
7843,562,product_view
7844,2000,homepage_view
7845,806,homepage_view
7846,1930,product_view
7847,2346,homepage_view
7848,805,checkout
7849,2202,product_view
7850,2780,product_view
7851,1676,product_view
7852,2516,purchase
7853,2097,add_to_cart
7854,1678,homepage_view
7855,46,homepage_view
7856,3747,product_view
7857,3357,checkout
7858,2828,product_view
7859,1652,homepage_view
7860,82,add_to_cart
7861,3116,add_to_cart
7862,3778,product_view
7863,3842,homepage_view
7864,3003,homepage_view
7865,2321,homepage_view
7866,2442,homepage_view
7867,1810,purchase
7868,790,homepage_view
7869,595,add_to_cart
7870,2106,product_view
7871,2613,product_view
7872,1,checkout
7873,2264,add_to_cart
7874,3389,purchase
7875,3300,homepage_view
7876,1497,homepage_view
7877,3556,homepage_view
7878,766,homepage_view
7879,671,product_view
7880,3359,checkout
7881,2559,homepage_view
7882,1602,purchase
7883,915,product_view
7884,1845,add_to_cart
7885,1996,homepage_view
7886,3530,homepage_view
7887,95,checkout
7888,493,homepage_view
7889,2813,checkout
7890,3070,add_to_cart
7891,150,checkout
7892,1047,add_to_cart
7893,2804,homepage_view
7894,1239,product_view
7895,399,homepage_view
7896,2458,product_view
7897,2179,homepage_view
7898,855,product_view
7899,2196,homepage_view
7900,381,purchase
7901,3181,product_view
7902,552,purchase
7903,3193,homepage_view
7904,295,add_to_cart
7905,1144,product_view
7906,456,product_view
7907,1554,checkout
7908,169,purchase
7909,710,homepage_view
7910,1947,purchase
7911,2020,add_to_cart
7912,3215,purchase
7913,2085,product_view
7914,1722,purchase
7915,1285,checkout
7916,2279,homepage_view
7917,254,product_view
7918,2377,homepage_view
7919,3975,product_view
7920,1321,checkout
7921,3028,add_to_cart
7922,2058,add_to_cart
7923,2494,product_view
7924,2970,homepage_view
7925,2884,homepage_view
7926,3302,add_to_cart
7927,3608,homepage_view
7928,2126,homepage_view
7929,3497,product_view
7930,2241,homepage_view
7931,401,homepage_view
7932,2157,homepage_view
7933,2840,purchase
7934,1947,homepage_view
7935,2311,checkout
7936,2377,homepage_view
7937,363,checkout
7938,3939,add_to_cart
7939,3450,checkout
7940,3852,checkout
7941,3413,add_to_cart
7942,2307,purchase
7943,1359,add_to_cart
7944,85,add_to_cart
7945,1546,product_view
7946,1825,purchase
7947,3886,checkout
7948,3643,homepage_view
7949,308,product_view
7950,262,checkout
7951,1922,checkout
7952,2845,purchase
7953,631,homepage_view
7954,680,product_view
7955,865,product_view
7956,3773,homepage_view
7957,3524,product_view
7958,3323,product_view
7959,2372,homepage_view
7960,2973,homepage_view
7961,3301,homepage_view
7962,1726,add_to_cart
7963,1852,product_view
7964,3708,homepage_view
7965,3668,product_view
7966,3369,homepage_view
7967,727,purchase
7968,1261,homepage_view
7969,3026,checkout
7970,1649,product_view
7971,217,checkout
7972,3905,homepage_view
7973,1270,homepage_view
7974,448,checkout
7975,3919,homepage_view
7976,319,add_to_cart
7977,3042,product_view
7978,3504,add_to_cart
7979,3476,purchase
7980,1910,purchase
7981,2085,product_view
7982,3648,product_view
7983,2779,purchase
7984,3414,checkout
7985,3059,homepage_view
7986,3461,product_view
7987,1058,homepage_view
7988,39,purchase
7989,1603,homepage_view
7990,2257,product_view
7991,830,add_to_cart
7992,856,purchase
7993,3224,checkout
7994,2947,homepage_view
7995,3437,product_view
7996,3271,purchase
7997,2649,add_to_cart
7998,2808,add_to_cart
7999,1859,add_to_cart
8000,1103,product_view
8001,1501,add_to_cart
8002,2482,homepage_view
8003,1821,product_view
8004,842,checkout
8005,2080,homepage_view
8006,3159,product_view
8007,3623,homepage_view
8008,2441,homepage_view
8009,3685,checkout
8010,3316,add_to_cart
8011,1256,homepage_view
8012,2958,product_view
8013,3652,product_view
8014,2240,homepage_view
8015,1940,checkout
8016,3612,product_view
8017,270,checkout
8018,2786,homepage_view
8019,2125,product_view
8020,735,homepage_view
8021,884,homepage_view
8022,3239,checkout
8023,2332,homepage_view
8024,3776,homepage_view
8025,1113,purchase
8026,2592,add_to_cart
8027,649,homepage_view
8028,1180,purchase
8029,2298,homepage_view
8030,2143,checkout
8031,17,homepage_view
8032,117,add_to_cart
8033,983,product_view
8034,2381,homepage_view
8035,1847,add_to_cart
8036,1546,add_to_cart
8037,3152,checkout
8038,2694,checkout
8039,3504,product_view
8040,3275,product_view
8041,2164,add_to_cart
8042,963,add_to_cart
8043,3292,product_view
8044,1277,product_view
8045,3241,add_to_cart
8046,847,purchase
8047,2364,add_to_cart
8048,3789,homepage_view
8049,2858,add_to_cart
8050,372,checkout
8051,2808,checkout
8052,2925,checkout
8053,3025,checkout
8054,1607,product_view
8055,156,product_view
8056,2662,checkout
8057,3085,homepage_view
8058,2556,product_view
8059,465,checkout
8060,783,checkout
8061,804,purchase
8062,220,purchase
8063,2063,homepage_view
8064,1774,purchase
8065,117,homepage_view
8066,2379,add_to_cart
8067,2104,homepage_view
8068,1375,product_view
8069,3204,purchase
8070,2019,homepage_view
8071,3298,add_to_cart
8072,308,homepage_view
8073,3547,homepage_view
8074,3978,product_view
8075,222,add_to_cart
8076,1197,homepage_view
8077,3412,product_view
8078,797,add_to_cart
8079,1530,homepage_view
8080,3893,product_view
8081,3229,purchase
8082,151,product_view
8083,1721,product_view
8084,3250,add_to_cart
8085,1557,checkout
8086,112,checkout
8087,683,purchase
8088,1162,homepage_view
8089,3305,purchase
8090,2380,purchase
8091,1566,checkout
8092,893,product_view
8093,1331,checkout
8094,161,homepage_view
8095,1426,checkout
8096,3662,homepage_view
8097,278,checkout
8098,3392,add_to_cart
8099,1557,homepage_view
8100,2945,checkout
8101,497,product_view
8102,3435,add_to_cart
8103,1396,homepage_view
8104,1916,checkout
8105,655,product_view
8106,3108,product_view
8107,303,product_view
8108,438,add_to_cart
8109,2774,add_to_cart
8110,3104,product_view
8111,186,product_view
8112,3246,product_view
8113,1590,purchase
8114,673,add_to_cart
8115,1274,product_view
8116,1001,product_view
8117,3835,product_view
8118,2327,checkout
8119,683,homepage_view
8120,1719,add_to_cart
8121,3074,homepage_view
8122,3266,homepage_view
8123,3238,homepage_view
8124,3831,checkout
8125,3059,purchase
8126,925,homepage_view
8127,3828,product_view
8128,3182,homepage_view
8129,2428,add_to_cart
8130,2883,add_to_cart
8131,999,homepage_view
8132,3655,homepage_view
8133,3748,checkout
8134,285,add_to_cart
8135,3959,homepage_view
8136,421,add_to_cart
8137,2161,checkout
8138,3066,add_to_cart
8139,2276,product_view
8140,1495,add_to_cart
8141,3885,add_to_cart
8142,528,add_to_cart
8143,2544,purchase
8144,31,homepage_view
8145,162,add_to_cart
8146,1842,homepage_view
8147,705,homepage_view
8148,722,add_to_cart
8149,1402,purchase
8150,446,homepage_view
8151,2792,purchase
8152,427,product_view
8153,3768,product_view
8154,2552,homepage_view
8155,1551,add_to_cart
8156,1968,add_to_cart
8157,3889,product_view
8158,721,product_view
8159,2732,add_to_cart
8160,1802,add_to_cart
8161,3604,product_view
8162,2630,checkout
8163,3592,add_to_cart
8164,1965,homepage_view
8165,1058,product_view
8166,2045,checkout
8167,736,homepage_view
8168,2739,add_to_cart
8169,758,product_view
8170,3562,product_view
8171,1796,homepage_view
8172,1644,purchase
8173,754,purchase
8174,3495,purchase
8175,3540,homepage_view
8176,24,checkout
8177,1240,product_view
8178,55,add_to_cart
8179,3098,homepage_view
8180,1305,add_to_cart
8181,2852,purchase
8182,2375,homepage_view
8183,970,homepage_view
8184,2234,homepage_view
8185,2543,homepage_view
8186,3084,product_view
8187,3713,checkout
8188,3956,homepage_view
8189,434,add_to_cart
8190,3993,product_view
8191,208,homepage_view
8192,133,product_view
8193,1363,homepage_view
8194,1220,add_to_cart
8195,1286,homepage_view
8196,1306,add_to_cart
8197,369,homepage_view
8198,3175,purchase
8199,3704,checkout
8200,1207,product_view
8201,2471,product_view
8202,3081,homepage_view
8203,3629,checkout
8204,2292,product_view
8205,782,add_to_cart
8206,2672,homepage_view
8207,567,homepage_view
8208,3465,product_view
8209,527,homepage_view
8210,37,add_to_cart
8211,178,homepage_view
8212,639,checkout
8213,3701,checkout
8214,2900,homepage_view
8215,72,product_view
8216,2400,product_view
8217,2671,add_to_cart
8218,1173,product_view
8219,1721,homepage_view
8220,105,homepage_view
8221,1683,product_view
8222,221,purchase
8223,1850,checkout
8224,863,homepage_view
8225,3446,add_to_cart
8226,2566,purchase
8227,3332,homepage_view
8228,299,add_to_cart
8229,2909,product_view
8230,42,add_to_cart
8231,771,add_to_cart
8232,2945,purchase
8233,2540,homepage_view
8234,1463,checkout
8235,3855,homepage_view
8236,3119,product_view
8237,2133,purchase
8238,1710,checkout
8239,3130,product_view
8240,991,add_to_cart
8241,711,homepage_view
8242,209,homepage_view
8243,1272,add_to_cart
8244,1235,product_view
8245,39,product_view
8246,1276,add_to_cart
8247,3715,product_view
8248,2974,homepage_view
8249,1827,product_view
8250,762,purchase
8251,1437,checkout
8252,2994,product_view
8253,1470,homepage_view
8254,2100,add_to_cart
8255,374,add_to_cart
8256,3598,homepage_view
8257,931,product_view
8258,156,purchase
8259,1566,product_view
8260,1114,product_view
8261,3975,add_to_cart
8262,2727,homepage_view
8263,2399,homepage_view
8264,2117,purchase
8265,3235,homepage_view
8266,1266,product_view
8267,3567,product_view
8268,3455,checkout
8269,3124,checkout
8270,654,homepage_view
8271,63,add_to_cart
8272,509,product_view
8273,2340,product_view
8274,3163,add_to_cart
8275,1688,homepage_view
8276,1448,purchase
8277,1693,add_to_cart
8278,2869,product_view
8279,1389,add_to_cart
8280,2198,homepage_view
8281,3912,add_to_cart
8282,1295,homepage_view
8283,2929,product_view
8284,1605,add_to_cart
8285,1140,checkout
8286,704,homepage_view
8287,516,product_view
8288,3659,product_view
8289,1938,product_view
8290,1834,homepage_view
8291,1265,add_to_cart
8292,30,homepage_view
8293,3215,purchase
8294,326,product_view
8295,3767,checkout
8296,2997,homepage_view
8297,16,checkout
8298,111,homepage_view
8299,2920,checkout
8300,2761,product_view
8301,107,product_view
8302,2427,homepage_view
8303,2210,homepage_view
8304,283,add_to_cart
8305,269,add_to_cart
8306,2532,add_to_cart
8307,2715,homepage_view
8308,3145,homepage_view
8309,1221,checkout
8310,1267,checkout
8311,598,product_view
8312,799,add_to_cart
8313,1283,checkout
8314,2846,checkout
8315,1173,homepage_view
8316,1891,checkout
8317,2438,product_view
8318,2012,add_to_cart
8319,2464,product_view
8320,426,add_to_cart
8321,3045,add_to_cart
8322,1726,product_view
8323,3289,product_view
8324,4000,add_to_cart
8325,2915,product_view
8326,2134,homepage_view
8327,1240,homepage_view
8328,2471,add_to_cart
8329,3392,checkout
8330,118,checkout
8331,3998,product_view
8332,3007,product_view
8333,2930,homepage_view
8334,3040,purchase
8335,2463,homepage_view
8336,599,product_view
8337,2088,add_to_cart
8338,1185,checkout
8339,2751,homepage_view
8340,2585,product_view
8341,2468,product_view
8342,664,add_to_cart
8343,2143,homepage_view
8344,3514,add_to_cart
8345,1582,product_view
8346,3021,checkout
8347,650,homepage_view
8348,1490,homepage_view
8349,288,checkout
8350,3937,add_to_cart
8351,1700,checkout
8352,412,checkout
8353,2448,homepage_view
8354,2576,homepage_view
8355,1042,homepage_view
8356,136,purchase
8357,2026,product_view
8358,3536,homepage_view
8359,759,homepage_view
8360,1272,checkout
8361,2891,checkout
8362,2758,purchase
8363,1025,product_view
8364,3774,add_to_cart
8365,381,homepage_view
8366,2557,homepage_view
8367,3532,homepage_view
8368,1529,homepage_view
8369,806,add_to_cart
8370,476,purchase
8371,3629,homepage_view
8372,954,purchase
8373,849,product_view
8374,897,product_view
8375,32,product_view
8376,1928,product_view
8377,2166,homepage_view
8378,3880,add_to_cart
8379,3256,add_to_cart
8380,191,checkout
8381,1771,product_view
8382,1774,checkout
8383,3800,add_to_cart
8384,2122,purchase
8385,623,product_view
8386,1127,purchase
8387,2919,add_to_cart
8388,586,checkout
8389,2468,homepage_view
8390,473,product_view
8391,1788,product_view
8392,114,homepage_view
8393,1403,product_view
8394,1337,purchase
8395,2378,product_view
8396,339,homepage_view
8397,2286,product_view
8398,1197,homepage_view
8399,79,product_view
8400,464,add_to_cart
8401,1922,product_view
8402,2653,checkout
8403,1988,homepage_view
8404,3573,checkout
8405,562,purchase
8406,285,homepage_view
8407,223,checkout
8408,2641,product_view
8409,1290,product_view
8410,1691,homepage_view
8411,2421,product_view
8412,1257,purchase
8413,2959,homepage_view
8414,828,homepage_view
8415,2284,homepage_view
8416,2719,product_view
8417,3989,purchase
8418,828,product_view
8419,2811,homepage_view
8420,3386,product_view
8421,1961,product_view
8422,1966,homepage_view
8423,3885,product_view
8424,2428,homepage_view
8425,2842,checkout
8426,614,product_view
8427,563,checkout
8428,2468,purchase
8429,2100,purchase
8430,1745,homepage_view
8431,2867,purchase
8432,3715,checkout
8433,3581,checkout
8434,1806,homepage_view
8435,1969,homepage_view
8436,2253,purchase
8437,3049,homepage_view
8438,731,homepage_view
8439,257,product_view
8440,185,purchase
8441,2193,product_view
8442,2032,purchase
8443,1714,product_view
8444,3086,homepage_view
8445,246,product_view
8446,2235,add_to_cart
8447,3409,product_view
8448,3331,product_view
8449,866,homepage_view
8450,2088,homepage_view
8451,601,add_to_cart
8452,3709,product_view
8453,962,homepage_view
8454,1442,homepage_view
8455,3034,product_view
8456,3423,purchase
8457,2057,product_view
8458,2398,homepage_view
8459,2132,product_view
8460,533,add_to_cart
8461,989,add_to_cart
8462,2043,homepage_view
8463,3865,add_to_cart
8464,358,add_to_cart
8465,378,homepage_view
8466,2220,homepage_view
8467,1049,product_view
8468,393,add_to_cart
8469,1127,purchase
8470,702,product_view
8471,3308,checkout
8472,1434,homepage_view
8473,3897,checkout
8474,2597,add_to_cart
8475,784,add_to_cart
8476,1829,homepage_view
8477,2380,homepage_view
8478,3736,add_to_cart
8479,2842,homepage_view
8480,3604,homepage_view
8481,2697,homepage_view
8482,983,homepage_view
8483,3943,add_to_cart
8484,3101,product_view
8485,2591,homepage_view
8486,1043,product_view
8487,1172,checkout
8488,3543,purchase
8489,2539,product_view
8490,2331,product_view
8491,862,homepage_view
8492,1877,product_view
8493,1836,add_to_cart
8494,1699,product_view
8495,113,product_view
8496,3527,add_to_cart
8497,1686,purchase
8498,3402,checkout
8499,3327,checkout
8500,1623,homepage_view
8501,1423,homepage_view
8502,862,checkout
8503,2658,homepage_view
8504,1933,add_to_cart
8505,508,product_view
8506,1668,product_view
8507,466,product_view
8508,2872,checkout
8509,3479,homepage_view
8510,2657,checkout
8511,1122,checkout
8512,290,purchase
8513,2916,product_view
8514,1763,product_view
8515,3729,purchase
8516,3228,product_view
8517,2830,product_view
8518,2210,product_view
8519,2672,homepage_view
8520,1867,product_view
8521,3769,add_to_cart
8522,717,add_to_cart
8523,3169,homepage_view
8524,1401,checkout
8525,567,product_view
8526,1474,product_view
8527,994,purchase
8528,1141,homepage_view
8529,3677,checkout
8530,3877,product_view
8531,1988,add_to_cart
8532,3788,product_view
8533,3866,homepage_view
8534,3578,product_view
8535,3261,product_view
8536,3548,homepage_view
8537,3395,checkout
8538,2644,product_view
8539,1994,checkout
8540,3252,product_view
8541,1810,product_view
8542,1205,purchase
8543,959,purchase
8544,1717,homepage_view
8545,1013,checkout
8546,1819,product_view
8547,1311,homepage_view
8548,475,product_view
8549,618,purchase
8550,641,purchase
8551,2310,homepage_view
8552,3595,checkout
8553,162,checkout
8554,3559,product_view
8555,2004,add_to_cart
8556,1983,product_view
8557,2229,homepage_view
8558,725,checkout
8559,469,homepage_view
8560,1810,product_view
8561,21,homepage_view
8562,3347,add_to_cart
8563,260,product_view
8564,3405,product_view
8565,2514,add_to_cart
8566,1140,homepage_view
8567,1437,checkout
8568,537,product_view
8569,952,product_view
8570,3917,homepage_view
8571,2814,homepage_view
8572,3007,purchase
8573,3995,product_view
8574,1980,add_to_cart
8575,3795,homepage_view
8576,1841,add_to_cart
8577,1857,purchase
8578,2982,homepage_view
8579,851,product_view
8580,1972,purchase
8581,1281,add_to_cart
8582,1192,homepage_view
8583,3921,product_view
8584,533,homepage_view
8585,3670,checkout
8586,2063,add_to_cart
8587,2098,purchase
8588,3047,homepage_view
8589,304,product_view
8590,3559,homepage_view
8591,416,product_view
8592,305,homepage_view
8593,2244,product_view
8594,3948,checkout
8595,813,homepage_view
8596,2848,product_view
8597,2436,purchase
8598,2805,purchase
8599,1985,homepage_view
8600,3937,purchase
8601,2503,homepage_view
8602,713,product_view
8603,2753,checkout
8604,2896,checkout
8605,1682,checkout
8606,1334,checkout
8607,3199,homepage_view
8608,175,product_view
8609,3206,product_view
8610,1090,product_view
8611,1417,homepage_view
8612,1988,product_view
8613,3437,checkout
8614,2327,checkout
8615,758,add_to_cart
8616,2411,product_view
8617,1773,add_to_cart
8618,171,add_to_cart
8619,1075,purchase
8620,1352,homepage_view
8621,3943,product_view
8622,665,purchase
8623,592,purchase
8624,2979,product_view
8625,1169,homepage_view
8626,2322,checkout
8627,3227,add_to_cart
8628,3983,checkout
8629,2556,product_view
8630,3921,homepage_view
8631,2411,homepage_view
8632,1349,product_view
8633,848,homepage_view
8634,2703,homepage_view
8635,2346,product_view
8636,494,product_view
8637,546,homepage_view
8638,2352,homepage_view
8639,1491,purchase
8640,904,homepage_view
8641,2287,product_view
8642,2698,product_view
8643,3838,checkout
8644,1541,product_view
8645,884,homepage_view
8646,3248,homepage_view
8647,3957,add_to_cart
8648,2458,add_to_cart
8649,2774,product_view
8650,3436,homepage_view
8651,3095,product_view
8652,2366,add_to_cart
8653,2573,add_to_cart
8654,905,homepage_view
8655,3825,product_view
8656,3348,homepage_view
8657,3072,add_to_cart
8658,3676,add_to_cart
8659,620,purchase
8660,953,product_view
8661,3301,product_view
8662,3736,homepage_view
8663,3180,homepage_view
8664,2849,homepage_view
8665,2964,homepage_view
8666,3248,homepage_view
8667,320,purchase
8668,3358,add_to_cart
8669,876,homepage_view
8670,2377,homepage_view
8671,1901,product_view
8672,753,product_view
8673,2705,homepage_view
8674,1380,product_view
8675,1038,purchase
8676,3347,product_view
8677,71,product_view
8678,2875,checkout
8679,3267,homepage_view
8680,2913,homepage_view
8681,1836,product_view
8682,2976,add_to_cart
8683,3951,product_view
8684,1547,homepage_view
8685,106,purchase
8686,770,product_view
8687,2010,checkout
8688,2941,checkout
8689,2244,product_view
8690,2193,checkout
8691,3804,add_to_cart
8692,1374,purchase
8693,3496,homepage_view
8694,2519,purchase
8695,1710,homepage_view
8696,216,checkout
8697,1117,product_view
8698,260,homepage_view
8699,934,homepage_view
8700,575,product_view
8701,1565,product_view
8702,1811,homepage_view
8703,3931,homepage_view
8704,285,product_view
8705,2532,product_view
8706,1955,product_view
8707,2420,checkout
8708,70,add_to_cart
8709,379,homepage_view
8710,1303,product_view
8711,3815,checkout
8712,2350,homepage_view
8713,255,product_view
8714,1708,product_view
8715,2992,purchase
8716,692,product_view
8717,1288,add_to_cart
8718,3767,product_view
8719,834,checkout
8720,2765,product_view
8721,2472,product_view
8722,3833,product_view
8723,2261,purchase
8724,3743,homepage_view
8725,2036,homepage_view
8726,1968,add_to_cart
8727,100,product_view
8728,1853,homepage_view
8729,3184,homepage_view
8730,2356,product_view
8731,2726,product_view
8732,2523,checkout
8733,1572,homepage_view
8734,112,checkout
8735,3159,product_view
8736,183,homepage_view
8737,2645,product_view
8738,3853,add_to_cart
8739,165,homepage_view
8740,2863,add_to_cart
8741,2138,checkout
8742,2024,homepage_view
8743,455,homepage_view
8744,2286,homepage_view
8745,2023,checkout
8746,2582,homepage_view
8747,3751,checkout
8748,727,product_view
8749,2106,checkout
8750,542,product_view
8751,1938,product_view
8752,1022,purchase
8753,2666,add_to_cart
8754,2450,product_view
8755,3054,add_to_cart
8756,842,add_to_cart
8757,1703,product_view
8758,3934,product_view
8759,1690,product_view
8760,2887,purchase
8761,519,add_to_cart
8762,197,homepage_view
8763,3905,product_view
8764,2094,homepage_view
8765,2578,homepage_view
8766,1421,product_view
8767,1689,product_view
8768,1000,purchase
8769,2824,purchase
8770,2122,homepage_view
8771,3488,product_view
8772,3729,checkout
8773,1638,homepage_view
8774,2383,add_to_cart
8775,1871,checkout
8776,633,add_to_cart
8777,2736,product_view
8778,575,purchase
8779,2344,checkout
8780,1108,add_to_cart
8781,1039,product_view
8782,1891,checkout
8783,3206,product_view
8784,478,homepage_view
8785,2681,product_view
8786,2367,purchase
8787,3464,checkout
8788,2527,add_to_cart
8789,3712,product_view
8790,2416,product_view
8791,367,checkout
8792,3360,product_view
8793,1837,checkout
8794,2426,product_view
8795,1716,add_to_cart
8796,2511,checkout
8797,1618,product_view
8798,13,homepage_view
8799,536,homepage_view
8800,3240,purchase
8801,2318,add_to_cart
8802,3142,add_to_cart
8803,3390,product_view
8804,376,add_to_cart
8805,3161,add_to_cart
8806,1725,homepage_view
8807,257,purchase
8808,2265,product_view
8809,450,product_view
8810,894,product_view
8811,3616,homepage_view
8812,3213,add_to_cart
8813,1185,homepage_view
8814,2080,checkout
8815,1848,product_view
8816,3224,product_view
8817,3931,add_to_cart
8818,1284,checkout
8819,3800,homepage_view
8820,3351,purchase
8821,1309,add_to_cart
8822,610,homepage_view
8823,917,product_view
8824,2590,product_view
8825,1626,checkout
8826,148,product_view
8827,656,product_view
8828,2115,homepage_view
8829,3941,homepage_view
8830,2618,add_to_cart
8831,1817,add_to_cart
8832,1303,homepage_view
8833,2796,homepage_view
8834,443,product_view
8835,2945,add_to_cart
8836,3937,checkout
8837,399,homepage_view
8838,1152,product_view
8839,3409,product_view
8840,2530,purchase
8841,3793,product_view
8842,2996,homepage_view
8843,2234,product_view
8844,2217,product_view
8845,1708,add_to_cart
8846,3332,homepage_view
8847,3789,product_view
8848,1988,add_to_cart
8849,1671,homepage_view
8850,1582,add_to_cart
8851,507,product_view
8852,2569,add_to_cart
8853,3543,homepage_view
8854,161,purchase
8855,3361,homepage_view
8856,340,homepage_view
8857,3972,checkout
8858,3905,checkout
8859,3574,homepage_view
8860,3178,purchase
8861,1826,homepage_view
8862,1499,add_to_cart
8863,3925,homepage_view
8864,1624,product_view
8865,1487,product_view
8866,1507,add_to_cart
8867,2752,product_view
8868,1177,product_view
8869,823,purchase
8870,3721,homepage_view
8871,785,homepage_view
8872,3221,add_to_cart
8873,3260,homepage_view
8874,3725,product_view
8875,131,product_view
8876,1476,product_view
8877,2564,purchase
8878,3563,homepage_view
8879,1500,homepage_view
8880,3335,homepage_view
8881,3610,homepage_view
8882,3531,product_view
8883,2584,add_to_cart
8884,3850,add_to_cart
8885,2789,checkout
8886,781,homepage_view
8887,3709,homepage_view
8888,1708,purchase
8889,1770,homepage_view
8890,1319,purchase
8891,1939,checkout
8892,1459,purchase
8893,3347,product_view
8894,2636,homepage_view
8895,3380,add_to_cart
8896,2774,add_to_cart
8897,2991,homepage_view
8898,3045,checkout
8899,376,homepage_view
8900,3230,product_view
8901,3886,checkout
8902,2252,homepage_view
8903,3037,homepage_view
8904,661,homepage_view
8905,2123,homepage_view
8906,1404,homepage_view
8907,741,homepage_view
8908,304,homepage_view
8909,1086,checkout
8910,2618,purchase
8911,786,product_view
8912,3180,homepage_view
8913,1211,homepage_view
8914,3035,add_to_cart
8915,229,add_to_cart
8916,3120,purchase
8917,1855,homepage_view
8918,268,add_to_cart
8919,2775,product_view
8920,2850,purchase
8921,254,product_view
8922,3005,product_view
8923,870,add_to_cart
8924,2135,checkout
8925,1205,homepage_view
8926,1049,homepage_view
8927,3460,product_view
8928,2270,homepage_view
8929,990,product_view
8930,397,purchase
8931,938,product_view
8932,2559,add_to_cart
8933,2609,add_to_cart
8934,2894,checkout
8935,440,purchase
8936,3247,add_to_cart
8937,1928,product_view
8938,2359,product_view
8939,2008,product_view
8940,3346,product_view
8941,35,product_view
8942,2265,add_to_cart
8943,721,add_to_cart
8944,3744,homepage_view
8945,3064,purchase
8946,3480,product_view
8947,519,product_view
8948,269,add_to_cart
8949,638,add_to_cart
8950,2523,product_view
8951,3952,checkout
8952,1349,homepage_view
8953,1380,product_view
8954,90,homepage_view
8955,1066,add_to_cart
8956,1389,homepage_view
8957,1695,checkout
8958,3274,homepage_view
8959,1390,checkout
8960,3866,checkout
8961,3030,product_view
8962,3916,product_view
8963,2336,add_to_cart
8964,3675,homepage_view
8965,481,homepage_view
8966,2685,homepage_view
8967,501,product_view
8968,1662,homepage_view
8969,2100,homepage_view
8970,3988,add_to_cart
8971,103,homepage_view
8972,3433,homepage_view
8973,1448,purchase
8974,2747,add_to_cart
8975,3277,product_view
8976,3086,homepage_view
8977,1964,add_to_cart
8978,1640,homepage_view
8979,3701,purchase
8980,2518,add_to_cart
8981,3538,purchase
8982,1328,checkout
8983,3677,product_view
8984,2475,add_to_cart
8985,1680,checkout
8986,2158,product_view
8987,3747,homepage_view
8988,1589,product_view
8989,2563,homepage_view
8990,68,add_to_cart
8991,3318,add_to_cart
8992,2437,purchase
8993,1674,add_to_cart
8994,308,checkout
8995,3997,homepage_view
8996,1376,product_view
8997,1823,purchase
8998,1090,add_to_cart
8999,460,add_to_cart
9000,2395,homepage_view
9001,2373,add_to_cart
9002,667,checkout
9003,1623,homepage_view
9004,1057,add_to_cart
9005,68,product_view
9006,2235,homepage_view
9007,2240,checkout
9008,1237,homepage_view
9009,1624,homepage_view
9010,2476,checkout
9011,1375,add_to_cart
9012,3180,homepage_view
9013,3312,purchase
9014,2264,homepage_view
9015,177,purchase
9016,1589,add_to_cart
9017,1354,product_view
9018,2609,homepage_view
9019,2929,product_view
9020,626,homepage_view
9021,3522,add_to_cart
9022,2655,product_view
9023,3519,homepage_view
9024,3609,add_to_cart
9025,3716,homepage_view
9026,179,add_to_cart
9027,395,homepage_view
9028,1169,add_to_cart
9029,876,add_to_cart
9030,962,checkout
9031,198,homepage_view
9032,969,homepage_view
9033,3909,homepage_view
9034,3156,homepage_view
9035,669,homepage_view
9036,3157,product_view
9037,2505,add_to_cart
9038,3548,checkout
9039,1277,product_view
9040,1911,product_view
9041,72,purchase
9042,223,product_view
9043,2324,product_view
9044,3867,purchase
9045,3848,purchase
9046,1270,product_view
9047,1365,add_to_cart
9048,2621,product_view
9049,924,add_to_cart
9050,471,purchase
9051,2502,product_view
9052,3843,checkout
9053,3017,add_to_cart
9054,2055,homepage_view
9055,188,checkout
9056,2052,product_view
9057,3815,homepage_view
9058,1669,purchase
9059,2955,product_view
9060,1149,product_view
9061,3087,checkout
9062,960,purchase
9063,2573,checkout
9064,630,product_view
9065,3312,product_view
9066,775,homepage_view
9067,360,product_view
9068,518,purchase
9069,1344,add_to_cart
9070,3303,homepage_view
9071,1970,homepage_view
9072,3102,purchase
9073,3606,checkout
9074,921,product_view
9075,3228,add_to_cart
9076,3702,homepage_view
9077,2900,checkout
9078,935,add_to_cart
9079,1987,add_to_cart
9080,901,product_view
9081,1729,product_view
9082,2447,homepage_view
9083,1370,purchase
9084,1219,purchase
9085,2216,checkout
9086,377,purchase
9087,3561,add_to_cart
9088,1775,homepage_view
9089,3434,checkout
9090,1506,product_view
9091,1268,product_view
9092,3653,homepage_view
9093,2655,product_view
9094,1011,add_to_cart
9095,2637,homepage_view
9096,1195,homepage_view
9097,3585,add_to_cart
9098,3478,checkout
9099,3646,product_view
9100,1231,homepage_view
9101,1178,product_view
9102,3858,add_to_cart
9103,2096,add_to_cart
9104,1673,homepage_view
9105,3073,purchase
9106,3819,homepage_view
9107,1929,homepage_view
9108,3840,product_view
9109,3479,product_view
9110,3179,purchase
9111,173,homepage_view
9112,2554,product_view
9113,3202,product_view
9114,2446,product_view
9115,294,homepage_view
9116,552,homepage_view
9117,1471,homepage_view
9118,2898,product_view
9119,1040,checkout
9120,1663,add_to_cart
9121,885,product_view
9122,1373,product_view
9123,3052,checkout
9124,1227,product_view
9125,134,homepage_view
9126,771,add_to_cart
9127,3598,add_to_cart
9128,2556,product_view
9129,1090,homepage_view
9130,480,homepage_view
9131,863,checkout
9132,459,homepage_view
9133,3414,add_to_cart
9134,3779,homepage_view
9135,626,homepage_view
9136,159,homepage_view
9137,2209,homepage_view
9138,1278,homepage_view
9139,2008,add_to_cart
9140,1921,product_view
9141,940,checkout
9142,3599,homepage_view
9143,1573,checkout
9144,2203,purchase
9145,2534,homepage_view
9146,432,purchase
9147,1051,homepage_view
9148,1004,add_to_cart
9149,3084,homepage_view
9150,2115,product_view
9151,2590,product_view
9152,2144,product_view
9153,215,add_to_cart
9154,2242,add_to_cart
9155,1671,product_view
9156,1314,purchase
9157,3616,purchase
9158,885,purchase
9159,2087,checkout
9160,1888,homepage_view
9161,939,product_view
9162,939,homepage_view
9163,206,purchase
9164,3971,homepage_view
9165,942,product_view
9166,4000,homepage_view
9167,555,homepage_view
9168,2532,homepage_view
9169,3409,add_to_cart
9170,1520,homepage_view
9171,771,product_view
9172,249,checkout
9173,1098,checkout
9174,373,homepage_view
9175,1855,purchase
9176,2927,checkout
9177,3880,homepage_view
9178,3858,add_to_cart
9179,835,add_to_cart
9180,2919,product_view
9181,702,homepage_view
9182,2186,product_view
9183,2996,checkout
9184,2505,homepage_view
9185,2862,add_to_cart
9186,2871,product_view
9187,942,product_view
9188,3915,product_view
9189,2492,product_view
9190,2401,checkout
9191,996,add_to_cart
9192,794,product_view
9193,2459,product_view
9194,678,add_to_cart
9195,1814,checkout
9196,1562,add_to_cart
9197,453,product_view
9198,2467,purchase
9199,2498,checkout
9200,3043,homepage_view
9201,3657,product_view
9202,1139,product_view
9203,51,checkout
9204,1393,homepage_view
9205,3986,product_view
9206,3755,product_view
9207,3852,homepage_view
9208,1539,product_view
9209,210,add_to_cart
9210,888,product_view
9211,3046,add_to_cart
9212,1927,add_to_cart
9213,3041,add_to_cart
9214,3974,product_view
9215,850,homepage_view
9216,3885,homepage_view
9217,3967,checkout
9218,1878,product_view
9219,627,add_to_cart
9220,2727,product_view
9221,1459,homepage_view
9222,2825,checkout
9223,1251,homepage_view
9224,663,purchase
9225,268,homepage_view
9226,2164,product_view
9227,1624,homepage_view
9228,1854,checkout
9229,754,purchase
9230,3432,homepage_view
9231,1353,homepage_view
9232,1869,homepage_view
9233,1064,checkout
9234,182,product_view
9235,1514,add_to_cart
9236,3281,homepage_view
9237,903,add_to_cart
9238,3345,product_view
9239,1143,add_to_cart
9240,3454,checkout
9241,2994,homepage_view
9242,3608,product_view
9243,2306,add_to_cart
9244,1507,product_view
9245,2557,homepage_view
9246,2140,checkout
9247,2003,purchase
9248,1185,purchase
9249,149,checkout
9250,2165,product_view
9251,2506,product_view
9252,2613,homepage_view
9253,2862,product_view
9254,2093,homepage_view
9255,1801,homepage_view
9256,2022,checkout
9257,2822,purchase
9258,1843,purchase
9259,2037,homepage_view
9260,2282,purchase
9261,1399,homepage_view
9262,1571,product_view
9263,1874,add_to_cart
9264,1973,product_view
9265,3987,purchase
9266,2245,product_view
9267,2073,product_view
9268,2443,homepage_view
9269,714,checkout
9270,1809,product_view
9271,3108,add_to_cart
9272,3546,add_to_cart
9273,223,add_to_cart
9274,864,product_view
9275,3861,homepage_view
9276,530,add_to_cart
9277,1212,purchase
9278,1426,checkout
9279,2305,homepage_view
9280,654,homepage_view
9281,1160,product_view
9282,1843,checkout
9283,2639,product_view
9284,444,add_to_cart
9285,2466,purchase
9286,3364,product_view
9287,574,homepage_view
9288,2177,purchase
9289,1011,product_view
9290,341,product_view
9291,2858,product_view
9292,1281,product_view
9293,3040,add_to_cart
9294,3796,product_view
9295,3638,product_view
9296,3759,add_to_cart
9297,100,homepage_view
9298,2087,homepage_view
9299,3998,add_to_cart
9300,2311,checkout
9301,150,homepage_view
9302,1657,homepage_view
9303,2738,add_to_cart
9304,2861,add_to_cart
9305,1354,product_view
9306,1144,homepage_view
9307,1608,homepage_view
9308,2267,checkout
9309,2954,product_view
9310,3982,checkout
9311,1838,product_view
9312,3195,add_to_cart
9313,244,purchase
9314,2934,homepage_view
9315,587,product_view
9316,2566,homepage_view
9317,3093,product_view
9318,2238,homepage_view
9319,3297,homepage_view
9320,2963,purchase
9321,2663,add_to_cart
9322,856,checkout
9323,2514,product_view
9324,2147,add_to_cart
9325,2036,homepage_view
9326,830,product_view
9327,1387,product_view
9328,3045,homepage_view
9329,3155,checkout
9330,1717,homepage_view
9331,1688,product_view
9332,56,product_view
9333,1726,purchase
9334,1954,homepage_view
9335,1046,product_view
9336,2628,product_view
9337,185,homepage_view
9338,522,add_to_cart
9339,1602,homepage_view
9340,2312,homepage_view
9341,1249,homepage_view
9342,1659,checkout
9343,1062,homepage_view
9344,1003,product_view
9345,2171,homepage_view
9346,3902,homepage_view
9347,3228,homepage_view
9348,3978,product_view
9349,2349,homepage_view
9350,2881,homepage_view
9351,2018,checkout
9352,3139,product_view
9353,1929,homepage_view
9354,2693,product_view
9355,2922,homepage_view
9356,394,add_to_cart
9357,3724,product_view
9358,1618,homepage_view
9359,3642,homepage_view
9360,661,product_view
9361,1429,checkout
9362,3521,homepage_view
9363,1155,homepage_view
9364,69,product_view
9365,3417,product_view
9366,2810,homepage_view
9367,320,homepage_view
9368,2225,homepage_view
9369,584,homepage_view
9370,3601,product_view
9371,1865,homepage_view
9372,1184,add_to_cart
9373,582,purchase
9374,3697,add_to_cart
9375,1768,product_view
9376,1557,add_to_cart
9377,3207,product_view
9378,1799,checkout
9379,111,add_to_cart
9380,999,add_to_cart
9381,758,homepage_view
9382,283,product_view
9383,3592,product_view
9384,3868,homepage_view
9385,1743,product_view
9386,2242,product_view
9387,3015,add_to_cart
9388,1071,purchase
9389,3026,homepage_view
9390,2390,homepage_view
9391,3314,checkout
9392,2570,purchase
9393,1394,product_view
9394,801,homepage_view
9395,2951,product_view
9396,131,homepage_view
9397,1294,checkout
9398,1964,add_to_cart
9399,2862,homepage_view
9400,61,checkout
9401,2212,add_to_cart
9402,1549,purchase
9403,272,purchase
9404,3792,homepage_view
9405,1782,homepage_view
9406,2181,product_view
9407,1268,purchase
9408,3878,purchase
9409,3046,product_view
9410,1458,homepage_view
9411,38,homepage_view
9412,1895,checkout
9413,3640,add_to_cart
9414,1343,product_view
9415,3582,product_view
9416,3448,add_to_cart
9417,3632,checkout
9418,2665,product_view
9419,474,homepage_view
9420,59,add_to_cart
9421,2637,purchase
9422,1964,product_view
9423,2547,homepage_view
9424,3290,homepage_view
9425,1919,homepage_view
9426,2615,homepage_view
9427,2615,add_to_cart
9428,3201,homepage_view
9429,904,add_to_cart
9430,383,homepage_view
9431,1412,homepage_view
9432,85,product_view
9433,1534,product_view
9434,3798,homepage_view
9435,2675,checkout
9436,3509,homepage_view
9437,2874,product_view
9438,2341,product_view
9439,3121,checkout
9440,1091,product_view
9441,2835,product_view
9442,129,product_view
9443,2077,product_view
9444,3415,add_to_cart
9445,1569,homepage_view
9446,3191,checkout
9447,692,homepage_view
9448,1961,purchase
9449,3735,product_view
9450,133,checkout
9451,3399,product_view
9452,1209,homepage_view
9453,3578,homepage_view
9454,646,checkout
9455,2737,product_view
9456,2582,product_view
9457,3313,homepage_view
9458,1613,purchase
9459,3788,homepage_view
9460,516,homepage_view
9461,2046,purchase
9462,1864,purchase
9463,3008,homepage_view
9464,2213,checkout
9465,2975,homepage_view
9466,933,homepage_view
9467,1664,checkout
9468,557,checkout
9469,3290,homepage_view
9470,3819,homepage_view
9471,1672,homepage_view
9472,2728,checkout
9473,993,purchase
9474,3821,homepage_view
9475,1629,checkout
9476,3077,homepage_view
9477,1692,add_to_cart
9478,757,homepage_view
9479,3944,add_to_cart
9480,1105,homepage_view
9481,1271,purchase
9482,2903,homepage_view
9483,2541,product_view
9484,649,checkout
9485,1410,product_view
9486,3647,homepage_view
9487,992,product_view
9488,1331,checkout
9489,628,product_view
9490,2673,homepage_view
9491,2591,product_view
9492,2055,purchase
9493,1950,homepage_view
9494,954,product_view
9495,2563,add_to_cart
9496,1843,homepage_view
9497,2803,product_view
9498,3640,purchase
9499,2121,homepage_view
9500,10,add_to_cart
9501,1597,checkout
9502,2610,homepage_view
9503,122,homepage_view
9504,687,purchase
9505,2010,checkout
9506,2561,homepage_view
9507,3038,homepage_view
9508,441,add_to_cart
9509,3110,product_view
9510,2750,product_view
9511,591,purchase
9512,1369,product_view
9513,1990,checkout
9514,1362,add_to_cart
9515,3774,homepage_view
9516,1208,add_to_cart
9517,2115,product_view
9518,2065,homepage_view
9519,1407,homepage_view
9520,2416,product_view
9521,2952,add_to_cart
9522,1340,purchase
9523,1521,checkout
9524,3880,homepage_view
9525,2769,checkout
9526,3417,homepage_view
9527,3006,homepage_view
9528,1577,homepage_view
9529,908,add_to_cart
9530,3037,homepage_view
9531,2521,product_view
9532,115,homepage_view
9533,2148,product_view
9534,3957,purchase
9535,2486,purchase
9536,1369,add_to_cart
9537,2397,product_view
9538,139,add_to_cart
9539,828,checkout
9540,2372,add_to_cart
9541,846,homepage_view
9542,3374,product_view
9543,2342,product_view
9544,1981,product_view
9545,1553,product_view
9546,3906,checkout
9547,3016,add_to_cart
9548,1316,homepage_view
9549,74,homepage_view
9550,3847,add_to_cart
9551,484,homepage_view
9552,16,homepage_view
9553,1550,checkout
9554,1360,product_view
9555,2841,checkout
9556,1897,checkout
9557,2564,checkout
9558,2973,homepage_view
9559,1151,homepage_view
9560,2872,homepage_view
9561,2566,homepage_view
9562,129,product_view
9563,511,checkout
9564,423,purchase
9565,2433,checkout
9566,1907,product_view
9567,232,add_to_cart
9568,959,homepage_view
9569,825,product_view
9570,3267,checkout
9571,65,homepage_view
9572,833,product_view
9573,615,checkout
9574,3349,homepage_view
9575,2029,purchase
9576,3742,homepage_view
9577,3296,checkout
9578,801,product_view
9579,1968,homepage_view
9580,278,homepage_view
9581,2014,add_to_cart
9582,1718,checkout
9583,2414,add_to_cart
9584,2564,purchase
9585,1239,checkout
9586,2487,homepage_view
9587,428,add_to_cart
9588,2777,product_view
9589,2444,product_view
9590,3281,homepage_view
9591,1525,homepage_view
9592,1487,add_to_cart
9593,586,homepage_view
9594,3299,add_to_cart
9595,375,purchase
9596,1524,homepage_view
9597,2996,checkout
9598,93,add_to_cart
9599,3532,homepage_view
9600,1601,checkout
9601,2369,homepage_view
9602,3082,homepage_view
9603,914,homepage_view
9604,3375,product_view
9605,1346,product_view
9606,1841,product_view
9607,3528,homepage_view
9608,1302,checkout
9609,1622,checkout
9610,1562,product_view
9611,1754,homepage_view
9612,1417,homepage_view
9613,2965,checkout
9614,95,homepage_view
9615,1780,homepage_view
9616,959,product_view
9617,1131,add_to_cart
9618,1414,product_view
9619,1784,homepage_view
9620,3598,add_to_cart
9621,3745,add_to_cart
9622,2119,add_to_cart
9623,664,homepage_view
9624,969,checkout
9625,2635,product_view
9626,3448,product_view
9627,2775,product_view
9628,2416,homepage_view
9629,2099,homepage_view
9630,3970,homepage_view
9631,1167,product_view
9632,3491,product_view
9633,1572,add_to_cart
9634,1524,homepage_view
9635,3958,purchase
9636,988,homepage_view
9637,3239,product_view
9638,3820,homepage_view
9639,2308,add_to_cart
9640,3264,add_to_cart
9641,1226,purchase
9642,3846,product_view
9643,1209,homepage_view
9644,2206,add_to_cart
9645,3830,add_to_cart
9646,3694,purchase
9647,99,homepage_view
9648,2289,add_to_cart
9649,1515,homepage_view
9650,202,product_view
9651,634,homepage_view
9652,3581,add_to_cart
9653,3701,add_to_cart
9654,3168,homepage_view
9655,746,product_view
9656,490,product_view
9657,579,homepage_view
9658,3960,homepage_view
9659,3290,product_view
9660,2575,checkout
9661,273,product_view
9662,1243,product_view
9663,786,purchase
9664,3955,homepage_view
9665,3731,checkout
9666,3404,product_view
9667,3928,purchase
9668,453,product_view
9669,1176,add_to_cart
9670,2395,homepage_view
9671,816,purchase
9672,414,product_view
9673,1551,product_view
9674,431,homepage_view
9675,2427,purchase
9676,3046,add_to_cart
9677,895,homepage_view
9678,2476,homepage_view
9679,3938,product_view
9680,1947,homepage_view
9681,1108,product_view
9682,192,purchase
9683,41,add_to_cart
9684,1888,purchase
9685,1860,product_view
9686,1797,add_to_cart
9687,1333,product_view
9688,3450,product_view
9689,136,product_view
9690,1814,product_view
9691,106,purchase
9692,519,product_view
9693,1942,checkout
9694,2862,add_to_cart
9695,1566,product_view
9696,126,product_view
9697,3429,product_view
9698,2448,homepage_view
9699,2127,checkout
9700,389,purchase
9701,3651,homepage_view
9702,1559,purchase
9703,1725,homepage_view
9704,2122,product_view
9705,1029,product_view
9706,1943,homepage_view
9707,3535,homepage_view
9708,82,product_view
9709,1561,homepage_view
9710,776,homepage_view
9711,3039,homepage_view
9712,3477,homepage_view
9713,3586,homepage_view
9714,278,product_view
9715,2888,checkout
9716,1879,homepage_view
9717,2272,homepage_view
9718,1608,add_to_cart
9719,3140,homepage_view
9720,3392,add_to_cart
9721,606,homepage_view
9722,2067,homepage_view
9723,640,homepage_view
9724,3415,homepage_view
9725,3666,checkout
9726,1790,homepage_view
9727,1757,purchase
9728,1367,product_view
9729,2145,purchase
9730,3124,homepage_view
9731,175,homepage_view
9732,3410,product_view
9733,3766,homepage_view
9734,1377,checkout
9735,3463,product_view
9736,3187,add_to_cart
9737,348,homepage_view
9738,1,add_to_cart
9739,63,add_to_cart
9740,1784,add_to_cart
9741,3815,homepage_view
9742,226,purchase
9743,2471,purchase
9744,1043,checkout
9745,2079,product_view
9746,845,product_view
9747,2681,homepage_view
9748,24,purchase
9749,2885,purchase
9750,3031,homepage_view
9751,1235,product_view
9752,1985,checkout
9753,161,homepage_view
9754,1279,homepage_view
9755,1595,purchase
9756,2162,checkout
9757,2552,purchase
9758,1953,homepage_view
9759,1696,homepage_view
9760,955,add_to_cart
9761,3292,product_view
9762,357,homepage_view
9763,2217,checkout
9764,3596,purchase
9765,969,homepage_view
9766,242,homepage_view
9767,3447,homepage_view
9768,139,product_view
9769,2145,homepage_view
9770,147,product_view
9771,3254,product_view
9772,1081,checkout
9773,1066,homepage_view
9774,2914,product_view
9775,3783,add_to_cart
9776,543,add_to_cart
9777,692,purchase
9778,1026,add_to_cart
9779,3360,purchase
9780,1162,homepage_view
9781,1641,product_view
9782,3584,product_view
9783,2952,purchase
9784,730,homepage_view
9785,3294,homepage_view
9786,2379,add_to_cart
9787,2665,homepage_view
9788,404,add_to_cart
9789,2556,purchase
9790,1940,purchase
9791,1151,homepage_view
9792,3337,homepage_view
9793,1736,product_view
9794,3836,add_to_cart
9795,1039,add_to_cart
9796,2274,add_to_cart
9797,3032,add_to_cart
9798,2913,homepage_view
9799,3177,checkout
9800,745,homepage_view
9801,2541,homepage_view
9802,319,checkout
9803,1243,product_view
9804,3349,add_to_cart
9805,773,product_view
9806,1917,homepage_view
9807,3413,product_view
9808,2500,add_to_cart
9809,3441,homepage_view
9810,944,add_to_cart
9811,2896,checkout
9812,3065,product_view
9813,2015,checkout
9814,3546,checkout
9815,1214,checkout
9816,2932,add_to_cart
9817,419,product_view
9818,3782,product_view
9819,865,add_to_cart
9820,789,homepage_view
9821,1872,add_to_cart
9822,495,product_view
9823,1063,homepage_view
9824,2210,product_view
9825,2026,homepage_view
9826,2169,homepage_view
9827,3964,checkout
9828,2447,product_view
9829,3334,product_view
9830,1986,homepage_view
9831,728,product_view
9832,3896,homepage_view
9833,561,add_to_cart
9834,2652,checkout
9835,1153,checkout
9836,3905,homepage_view
9837,540,product_view
9838,2404,checkout
9839,660,homepage_view
9840,2480,homepage_view
9841,1864,checkout
9842,3137,checkout
9843,3290,product_view
9844,2611,homepage_view
9845,1451,product_view
9846,817,product_view
9847,1945,product_view
9848,3146,product_view
9849,3532,product_view
9850,3497,add_to_cart
9851,2759,checkout
9852,1216,add_to_cart
9853,3261,homepage_view
9854,12,product_view
9855,2287,homepage_view
9856,1896,product_view
9857,3665,purchase
9858,2501,add_to_cart
9859,2431,homepage_view
9860,2830,homepage_view
9861,3874,homepage_view
9862,48,homepage_view
9863,2365,product_view
9864,2257,product_view
9865,1571,homepage_view
9866,3191,homepage_view
9867,577,add_to_cart
9868,2363,product_view
9869,754,checkout
9870,1060,homepage_view
9871,3535,checkout
9872,3836,product_view
9873,2963,homepage_view
9874,2803,homepage_view
9875,554,product_view
9876,3653,product_view
9877,403,homepage_view
9878,1131,checkout
9879,2087,homepage_view
9880,2629,product_view
9881,2228,product_view
9882,2060,product_view
9883,3411,checkout
9884,2991,purchase
9885,3788,homepage_view
9886,548,product_view
9887,1150,checkout
9888,63,product_view
9889,844,add_to_cart
9890,3154,purchase
9891,1009,add_to_cart
9892,1843,homepage_view
9893,2032,checkout
9894,1323,purchase
9895,2082,add_to_cart
9896,752,product_view
9897,3681,purchase
9898,49,purchase
9899,658,purchase
9900,1661,product_view
9901,701,checkout
9902,1081,add_to_cart
9903,3933,homepage_view
9904,2157,product_view
9905,1541,add_to_cart
9906,3033,checkout
9907,2072,checkout
9908,2269,homepage_view
9909,1984,product_view
9910,315,product_view
9911,2342,checkout
9912,3082,homepage_view
9913,1701,add_to_cart
9914,3068,add_to_cart
9915,3553,purchase
9916,3799,product_view
9917,1018,add_to_cart
9918,638,purchase
9919,2315,add_to_cart
9920,3864,homepage_view
9921,2136,homepage_view
9922,2503,checkout
9923,1650,product_view
9924,3605,add_to_cart
9925,3220,add_to_cart
9926,2805,purchase
9927,3850,product_view
9928,3801,add_to_cart
9929,2479,homepage_view
9930,1776,product_view
9931,1967,homepage_view
9932,2959,checkout
9933,1964,checkout
9934,1768,homepage_view
9935,3816,product_view
9936,242,add_to_cart
9937,702,add_to_cart
9938,2950,add_to_cart
9939,741,purchase
9940,2114,checkout
9941,3020,product_view
9942,2426,product_view
9943,2436,add_to_cart
9944,1815,checkout
9945,781,product_view
9946,2257,add_to_cart
9947,3487,homepage_view
9948,16,purchase
9949,3369,checkout
9950,986,product_view
9951,3292,product_view
9952,3841,homepage_view
9953,367,checkout
9954,2828,checkout
9955,1253,add_to_cart
9956,3703,homepage_view
9957,2488,homepage_view
9958,690,product_view
9959,3604,homepage_view
9960,3522,product_view
9961,1060,homepage_view
9962,847,product_view
9963,422,add_to_cart
9964,3990,checkout
9965,1644,product_view
9966,1213,add_to_cart
9967,3250,homepage_view
9968,608,product_view
9969,1339,purchase
9970,20,homepage_view
9971,676,homepage_view
9972,382,homepage_view
9973,609,product_view
9974,2191,add_to_cart
9975,62,homepage_view
9976,1266,homepage_view
9977,2286,checkout
9978,1155,product_view
9979,1629,product_view
9980,1627,purchase
9981,3717,product_view
9982,1147,checkout
9983,1464,purchase
9984,927,homepage_view
9985,2390,product_view
9986,1443,product_view
9987,1654,checkout
9988,2503,product_view
9989,3270,checkout
9990,282,purchase
9991,886,checkout
9992,1025,purchase
9993,723,add_to_cart
9994,1799,purchase
9995,3404,homepage_view
9996,1236,add_to_cart
9997,87,add_to_cart
9998,665,product_view
9999,862,homepage_view
10000,1723,add_to_cart
10001,2109,homepage_view
10002,2845,product_view
10003,2143,product_view
10004,786,purchase
10005,1577,homepage_view
10006,3219,checkout
10007,3318,homepage_view
10008,1668,product_view
10009,3009,product_view
10010,2345,add_to_cart
10011,3195,checkout
10012,3727,checkout
10013,694,checkout
10014,3776,product_view
10015,3528,add_to_cart
10016,2447,product_view
10017,3791,homepage_view
10018,2994,checkout
10019,1255,checkout
10020,534,product_view
10021,402,purchase
10022,3664,add_to_cart
10023,130,product_view
10024,2340,product_view
10025,276,purchase
10026,2960,add_to_cart
10027,1859,product_view
10028,3448,add_to_cart
10029,2974,product_view
10030,55,product_view
10031,3650,add_to_cart
10032,2787,product_view
10033,3098,add_to_cart
10034,3513,purchase
10035,765,purchase
10036,1221,add_to_cart
10037,642,purchase
10038,3315,checkout
10039,1848,homepage_view
10040,724,purchase
10041,1214,homepage_view
10042,802,product_view
10043,738,add_to_cart
10044,758,product_view
10045,1592,product_view
10046,2615,checkout
10047,1300,homepage_view
10048,1842,purchase
10049,3481,product_view
10050,340,purchase
10051,153,product_view
10052,1589,add_to_cart
10053,1422,product_view
10054,1468,add_to_cart
10055,3695,homepage_view
10056,3052,product_view
10057,427,homepage_view
10058,3051,add_to_cart
10059,3559,purchase
10060,2252,homepage_view
10061,1136,add_to_cart
10062,2373,checkout
10063,3330,homepage_view
10064,950,homepage_view
10065,3600,homepage_view
10066,2999,homepage_view
10067,1374,homepage_view
10068,2031,product_view
10069,2987,product_view
10070,957,checkout
10071,1702,checkout
10072,3885,checkout
10073,2942,product_view
10074,2483,product_view
10075,3498,product_view
10076,1304,product_view
10077,371,add_to_cart
10078,3742,purchase
10079,2981,homepage_view
10080,2297,product_view
10081,2939,add_to_cart
10082,2229,checkout
10083,703,homepage_view
10084,3047,homepage_view
10085,1675,checkout
10086,2126,homepage_view
10087,2967,add_to_cart
10088,2933,checkout
10089,2384,purchase
10090,50,homepage_view
10091,2133,product_view
10092,3767,homepage_view
10093,2743,product_view
10094,2052,add_to_cart
10095,993,purchase
10096,2365,product_view
10097,1135,product_view
10098,1358,product_view
10099,1875,homepage_view
10100,763,product_view
10101,3205,homepage_view
10102,2660,checkout
10103,1005,product_view
10104,2962,homepage_view
10105,3756,product_view
10106,2847,homepage_view
10107,2167,homepage_view
10108,350,checkout
10109,2965,purchase
10110,687,homepage_view
10111,542,checkout
10112,3127,product_view
10113,361,product_view
10114,2756,add_to_cart
10115,3525,homepage_view
10116,3625,homepage_view
10117,2733,homepage_view
10118,2378,homepage_view
10119,2267,homepage_view
10120,2256,product_view
10121,1694,product_view
10122,2893,add_to_cart
10123,3812,product_view
10124,85,homepage_view
10125,685,homepage_view
10126,245,checkout
10127,2920,homepage_view
10128,3071,checkout
10129,3757,product_view
10130,1359,purchase
10131,3284,product_view
10132,596,homepage_view
10133,2733,product_view
10134,3255,add_to_cart
10135,1157,add_to_cart
10136,3062,product_view
10137,3062,homepage_view
10138,3964,add_to_cart
10139,1824,purchase
10140,1798,purchase
10141,350,add_to_cart
10142,2330,homepage_view
10143,2341,homepage_view
10144,1293,checkout
10145,1885,checkout
10146,3269,purchase
10147,1561,product_view
10148,3725,checkout
10149,984,checkout
10150,3807,add_to_cart
10151,2068,checkout
10152,2807,homepage_view
10153,1864,add_to_cart
10154,1980,purchase
10155,1737,homepage_view
10156,2453,add_to_cart
10157,1139,product_view
10158,1919,checkout
10159,701,add_to_cart
10160,3028,purchase
10161,2074,add_to_cart
10162,566,product_view
10163,3754,homepage_view
10164,395,checkout
10165,1957,product_view
10166,3049,add_to_cart
10167,3453,homepage_view
10168,523,checkout
10169,1563,product_view
10170,2910,purchase
10171,1107,add_to_cart
10172,2850,homepage_view
10173,550,product_view
10174,1469,purchase
10175,2135,checkout
10176,833,product_view
10177,387,purchase
10178,963,homepage_view
10179,2716,product_view
10180,1422,add_to_cart
10181,3892,homepage_view
10182,286,product_view
10183,2746,add_to_cart
10184,3766,add_to_cart
10185,3013,homepage_view
10186,369,add_to_cart
10187,2703,product_view
10188,1446,product_view
10189,1742,checkout
10190,2702,homepage_view
10191,2745,add_to_cart
10192,1467,checkout
10193,1777,add_to_cart
10194,1544,product_view
10195,3072,product_view
10196,3656,product_view
10197,915,add_to_cart
10198,288,product_view
10199,95,product_view
10200,2717,add_to_cart
10201,2089,checkout
10202,331,homepage_view
10203,1837,purchase
10204,1805,homepage_view
10205,1179,product_view
10206,2552,product_view
10207,275,homepage_view
10208,3738,purchase
10209,1589,product_view
10210,2227,homepage_view
10211,1957,add_to_cart
10212,1776,add_to_cart
10213,2185,purchase
10214,767,product_view
10215,988,homepage_view
10216,1760,homepage_view
10217,1204,add_to_cart
10218,3254,add_to_cart
10219,3331,purchase
10220,2291,add_to_cart
10221,1120,purchase
10222,197,purchase
10223,3976,product_view
10224,526,homepage_view
10225,632,homepage_view
10226,1411,product_view
10227,408,product_view
10228,1293,homepage_view
10229,1195,product_view
10230,1949,product_view
10231,3656,homepage_view
10232,691,product_view
10233,2218,homepage_view
10234,159,product_view
10235,3581,homepage_view
10236,2495,checkout
10237,1690,homepage_view
10238,1938,checkout
10239,1018,add_to_cart
10240,3154,product_view
10241,1081,product_view
10242,3591,product_view
10243,112,homepage_view
10244,48,checkout
10245,3664,purchase
10246,1911,purchase
10247,376,add_to_cart
10248,828,product_view
10249,2081,product_view
10250,2552,add_to_cart
10251,627,checkout
10252,1920,product_view
10253,1027,purchase
10254,3558,product_view
10255,3588,product_view
10256,1892,purchase
10257,3844,purchase
10258,2090,add_to_cart
10259,2057,product_view
10260,3048,homepage_view
10261,819,homepage_view
10262,657,add_to_cart
10263,3985,product_view
10264,3681,product_view
10265,1812,product_view
10266,3214,product_view
10267,790,product_view
10268,1460,purchase
10269,3099,homepage_view
10270,3115,checkout
10271,1155,product_view
10272,3288,add_to_cart
10273,1630,purchase
10274,1544,product_view
10275,2646,homepage_view
10276,3417,homepage_view
10277,3580,homepage_view
10278,1674,add_to_cart
10279,1905,homepage_view
10280,1437,homepage_view
10281,936,add_to_cart
10282,3318,product_view
10283,3521,product_view
10284,3060,product_view
10285,21,add_to_cart
10286,999,homepage_view
10287,1432,product_view
10288,457,checkout
10289,1468,product_view
10290,2028,checkout
10291,3062,checkout
10292,3994,checkout
10293,265,add_to_cart
10294,3732,add_to_cart
10295,2232,checkout
10296,2275,add_to_cart
10297,3876,product_view
10298,3620,homepage_view
10299,3318,product_view
10300,2047,homepage_view
10301,3145,product_view
10302,3222,product_view
10303,3585,purchase
10304,3141,purchase
10305,969,checkout
10306,805,purchase
10307,1254,purchase
10308,723,checkout
10309,1096,homepage_view
10310,1002,product_view
10311,2923,product_view
10312,3680,homepage_view
10313,3469,checkout
10314,84,homepage_view
10315,740,product_view
10316,3371,homepage_view
10317,3820,product_view
10318,3365,add_to_cart
10319,1758,add_to_cart
10320,1994,product_view
10321,223,add_to_cart
10322,2841,add_to_cart
10323,2781,checkout
10324,3288,product_view
10325,3303,homepage_view
10326,2453,homepage_view
10327,1193,checkout
10328,329,product_view
10329,426,homepage_view
10330,1578,homepage_view
10331,770,checkout
10332,1220,add_to_cart
10333,3976,product_view
10334,608,add_to_cart
10335,1853,homepage_view
10336,2574,product_view
10337,2673,product_view
10338,2125,product_view
10339,2047,checkout
10340,1301,add_to_cart
10341,920,add_to_cart
10342,2994,homepage_view
10343,466,homepage_view
10344,1965,homepage_view
10345,1472,add_to_cart
10346,3392,product_view
10347,1946,product_view
10348,1184,add_to_cart
10349,2540,purchase
10350,2361,homepage_view
10351,1655,homepage_view
10352,2040,homepage_view
10353,1185,add_to_cart
10354,2356,homepage_view
10355,3935,add_to_cart
10356,3218,add_to_cart
10357,1699,homepage_view
10358,3468,homepage_view
10359,2739,product_view
10360,2137,homepage_view
10361,2783,homepage_view
10362,778,product_view
10363,2799,add_to_cart
10364,3380,homepage_view
10365,3618,product_view
10366,2419,homepage_view
10367,2499,add_to_cart
10368,167,checkout
10369,2440,checkout
10370,3709,product_view
10371,736,product_view
10372,2539,checkout
10373,925,homepage_view
10374,1174,add_to_cart
10375,1492,checkout
10376,1990,product_view
10377,3773,product_view
10378,1067,add_to_cart
10379,945,homepage_view
10380,29,product_view
10381,1898,homepage_view
10382,1656,homepage_view
10383,1873,homepage_view
10384,1055,product_view
10385,2741,homepage_view
10386,1698,add_to_cart
10387,2176,product_view
10388,2815,homepage_view
10389,3366,homepage_view
10390,2489,homepage_view
10391,2917,product_view
10392,1412,homepage_view
10393,1790,add_to_cart
10394,1666,product_view
10395,524,product_view
10396,1571,add_to_cart
10397,1734,product_view
10398,760,product_view
10399,2158,checkout
10400,1352,homepage_view
10401,3477,purchase
10402,1269,purchase
10403,1786,homepage_view
10404,3950,checkout
10405,1853,add_to_cart
10406,2211,purchase
10407,2608,add_to_cart
10408,399,add_to_cart
10409,2631,homepage_view
10410,2447,product_view
10411,3565,homepage_view
10412,1670,product_view
10413,239,purchase
10414,3537,homepage_view
10415,1604,add_to_cart
10416,3862,homepage_view
10417,3104,homepage_view
10418,1147,product_view
10419,1558,homepage_view
10420,3739,purchase
10421,2158,homepage_view
10422,1295,homepage_view
10423,3452,homepage_view
10424,300,product_view
10425,3699,homepage_view
10426,3804,product_view
10427,3050,product_view
10428,1766,homepage_view
10429,764,homepage_view
10430,249,checkout
10431,2569,product_view
10432,34,product_view
10433,228,add_to_cart
10434,585,add_to_cart
10435,3471,checkout
10436,3006,checkout
10437,2861,homepage_view
10438,724,homepage_view
10439,2632,product_view
10440,570,checkout
10441,220,homepage_view
10442,1395,product_view
10443,2835,add_to_cart
10444,3833,product_view
10445,2576,homepage_view
10446,2123,product_view
10447,1642,homepage_view
10448,136,homepage_view
10449,2122,homepage_view
10450,254,add_to_cart
10451,3090,checkout
10452,1955,add_to_cart
10453,3070,add_to_cart
10454,3115,product_view
10455,50,homepage_view
10456,515,homepage_view
10457,2792,product_view
10458,2779,add_to_cart
10459,2619,purchase
10460,3868,product_view
10461,1838,product_view
10462,576,product_view
10463,3654,product_view
10464,3375,add_to_cart
10465,1166,add_to_cart
10466,903,checkout
10467,2250,add_to_cart
10468,2255,product_view
10469,415,purchase
10470,2269,add_to_cart
10471,3434,product_view
10472,2806,product_view
10473,1105,checkout
10474,763,product_view
10475,563,product_view
10476,3357,homepage_view
10477,2417,checkout
10478,1516,product_view
10479,1935,product_view
10480,2944,checkout
10481,1370,purchase
10482,204,checkout
10483,3097,homepage_view
10484,3005,product_view
10485,1577,product_view
10486,69,homepage_view
10487,516,purchase
10488,3564,checkout
10489,2288,product_view
10490,361,homepage_view
10491,1465,homepage_view
10492,1055,product_view
10493,1923,homepage_view
10494,1653,add_to_cart
10495,707,add_to_cart
10496,1626,checkout
10497,2738,homepage_view
10498,657,product_view
10499,3786,checkout
10500,1346,product_view
10501,344,homepage_view
10502,3787,homepage_view
10503,536,checkout
10504,355,add_to_cart
10505,3543,checkout
10506,928,homepage_view
10507,983,checkout
10508,2018,add_to_cart
10509,2153,homepage_view
10510,3859,purchase
10511,1346,product_view
10512,1596,purchase
10513,1907,checkout
10514,3010,product_view
10515,527,product_view
10516,2552,product_view
10517,3157,add_to_cart
10518,931,add_to_cart
10519,2757,checkout
10520,2283,homepage_view
10521,1947,add_to_cart
10522,3928,product_view
10523,1287,homepage_view
10524,3078,checkout
10525,2542,homepage_view
10526,1917,homepage_view
10527,3361,homepage_view
10528,1594,product_view
10529,3729,product_view
10530,2926,add_to_cart
10531,3626,add_to_cart
10532,1374,product_view
10533,1224,product_view
10534,1960,homepage_view
10535,3758,add_to_cart
10536,3015,product_view
10537,966,homepage_view
10538,964,homepage_view
10539,897,product_view
10540,1359,add_to_cart
10541,3679,homepage_view
10542,217,homepage_view
10543,623,homepage_view
10544,353,purchase
10545,692,add_to_cart
10546,2723,homepage_view
10547,631,homepage_view
10548,2373,checkout
10549,2949,homepage_view
10550,3300,purchase
10551,1169,homepage_view
10552,2356,homepage_view
10553,654,add_to_cart
10554,3706,add_to_cart
10555,2333,purchase
10556,392,checkout
10557,3810,product_view
10558,2408,add_to_cart
10559,769,checkout
10560,797,product_view
10561,932,homepage_view
10562,1971,homepage_view
10563,165,homepage_view
10564,733,checkout
10565,581,product_view
10566,821,homepage_view
10567,1248,checkout
10568,124,homepage_view
10569,1972,add_to_cart
10570,344,checkout
10571,1875,product_view
10572,524,homepage_view
10573,3124,product_view
10574,129,add_to_cart
10575,1159,product_view
10576,2705,homepage_view
10577,3199,homepage_view
10578,2786,add_to_cart
10579,2987,product_view
10580,2119,checkout
10581,2321,add_to_cart
10582,1211,add_to_cart
10583,1027,purchase
10584,1309,homepage_view
10585,22,homepage_view
10586,166,add_to_cart
10587,1334,homepage_view
10588,2923,add_to_cart
10589,1501,purchase
10590,498,checkout
10591,434,add_to_cart
10592,2806,checkout
10593,2282,homepage_view
10594,837,product_view
10595,1694,product_view
10596,663,product_view
10597,725,homepage_view
10598,376,checkout
10599,2778,checkout
10600,3318,add_to_cart
10601,303,homepage_view
10602,2453,product_view
10603,3860,purchase
10604,1687,add_to_cart
10605,708,add_to_cart
10606,917,purchase
10607,2069,product_view
10608,257,add_to_cart
10609,399,product_view
10610,3601,product_view
10611,51,add_to_cart
10612,2495,product_view
10613,3342,product_view
10614,2875,homepage_view
10615,595,homepage_view
10616,818,product_view
10617,636,homepage_view
10618,3874,checkout
10619,3334,product_view
10620,3437,add_to_cart
10621,1073,homepage_view
10622,3590,homepage_view
10623,1653,product_view
10624,1142,purchase
10625,1477,product_view
10626,775,checkout
10627,3937,homepage_view
10628,3021,homepage_view
10629,1971,checkout
10630,3958,product_view
10631,1665,product_view
10632,397,homepage_view
10633,2731,homepage_view
10634,3099,product_view
10635,2759,checkout
10636,1396,homepage_view
10637,3971,purchase
10638,3898,homepage_view
10639,3929,product_view
10640,1121,homepage_view
10641,529,product_view
10642,685,homepage_view
10643,2661,homepage_view
10644,2234,purchase
10645,2744,add_to_cart
10646,2263,add_to_cart
10647,3323,homepage_view
10648,2264,purchase
10649,2077,product_view
10650,102,checkout
10651,123,homepage_view
10652,2102,homepage_view
10653,1307,purchase
10654,1638,product_view
10655,1141,checkout
10656,616,product_view
10657,557,product_view
10658,114,checkout
10659,2903,add_to_cart
10660,1567,add_to_cart
10661,2724,homepage_view
10662,977,homepage_view
10663,701,homepage_view
10664,1317,product_view
10665,3267,checkout
10666,2340,product_view
10667,3959,product_view
10668,261,checkout
10669,3279,homepage_view
10670,2612,checkout
10671,2097,purchase
10672,1030,homepage_view
10673,379,homepage_view
10674,3466,homepage_view
10675,1910,checkout
10676,2272,homepage_view
10677,1047,add_to_cart
10678,1008,product_view
10679,2705,checkout
10680,110,checkout
10681,2772,purchase
10682,3884,homepage_view
10683,2601,homepage_view
10684,1423,homepage_view
10685,3244,product_view
10686,1006,product_view
10687,698,purchase
10688,2774,checkout
10689,306,homepage_view
10690,3636,checkout
10691,1606,homepage_view
10692,1732,homepage_view
10693,959,checkout
10694,954,purchase
10695,1175,homepage_view
10696,3500,checkout
10697,2669,checkout
10698,3539,homepage_view
10699,2678,homepage_view
10700,2925,add_to_cart
10701,1631,checkout
10702,1792,product_view
10703,2604,homepage_view
10704,1972,add_to_cart
10705,67,add_to_cart
10706,1180,product_view
10707,835,homepage_view
10708,206,checkout
10709,2834,add_to_cart
10710,155,checkout
10711,1715,purchase
10712,1533,checkout
10713,1596,purchase
10714,2046,purchase
10715,3146,add_to_cart
10716,3121,add_to_cart
10717,2831,add_to_cart
10718,1491,add_to_cart
10719,2633,homepage_view
10720,708,product_view
10721,1935,homepage_view
10722,179,product_view
10723,1072,homepage_view
10724,1096,purchase
10725,113,product_view
10726,757,homepage_view
10727,897,add_to_cart
10728,1927,homepage_view
10729,2869,checkout
10730,159,product_view
10731,786,product_view
10732,1804,checkout
10733,1840,product_view
10734,3102,checkout
10735,3169,product_view
10736,2299,product_view
10737,1543,product_view
10738,3164,homepage_view
10739,113,homepage_view
10740,259,homepage_view
10741,2155,checkout
10742,575,add_to_cart
10743,3462,homepage_view
10744,3039,homepage_view
10745,1382,purchase
10746,1807,homepage_view
10747,1223,product_view
10748,2475,product_view
10749,1502,add_to_cart
10750,859,homepage_view
10751,3921,purchase
10752,3575,product_view
10753,3730,homepage_view
10754,2966,product_view
10755,3645,product_view
10756,3192,homepage_view
10757,1597,purchase
10758,3381,homepage_view
10759,1562,checkout
10760,2675,product_view
10761,2523,homepage_view
10762,2600,homepage_view
10763,2392,product_view
10764,2676,add_to_cart
10765,2184,checkout
10766,277,add_to_cart
10767,2013,product_view
10768,3883,homepage_view
10769,3605,purchase
10770,3971,purchase
10771,2079,product_view
10772,247,homepage_view
10773,411,add_to_cart
10774,2075,checkout
10775,73,product_view
10776,1121,product_view
10777,673,checkout
10778,1370,homepage_view
10779,2524,product_view
10780,1324,homepage_view
10781,3371,homepage_view
10782,287,purchase
10783,1909,product_view
10784,3521,checkout
10785,212,product_view
10786,3148,checkout
10787,401,product_view
10788,655,homepage_view
10789,3106,checkout
10790,498,homepage_view
10791,2896,product_view
10792,3588,product_view
10793,1352,homepage_view
10794,98,homepage_view
10795,2414,checkout
10796,3801,product_view
10797,463,product_view
10798,2076,product_view
10799,2761,product_view
10800,3458,checkout
10801,273,checkout
10802,2874,homepage_view
10803,1151,add_to_cart
10804,2250,product_view
10805,3593,add_to_cart
10806,3359,product_view
10807,2498,product_view
10808,1112,homepage_view
10809,3390,product_view
10810,19,homepage_view
10811,1617,homepage_view
10812,3179,purchase
10813,1482,product_view
10814,2359,add_to_cart
10815,412,homepage_view
10816,742,checkout
10817,2672,homepage_view
10818,2780,product_view
10819,2683,add_to_cart
10820,2546,checkout
10821,2292,checkout
10822,2738,homepage_view
10823,2625,checkout
10824,1404,add_to_cart
10825,515,purchase
10826,207,purchase
10827,948,product_view
10828,2442,add_to_cart
10829,3093,product_view
10830,1829,add_to_cart
10831,3599,homepage_view
10832,3415,homepage_view
10833,2766,homepage_view
10834,1999,purchase
10835,2250,homepage_view
10836,2168,homepage_view
10837,1673,product_view
10838,3884,add_to_cart
10839,1831,purchase
10840,2437,add_to_cart
10841,1561,homepage_view
10842,1848,purchase
10843,2282,homepage_view
10844,1657,purchase
10845,602,homepage_view
10846,1344,add_to_cart
10847,712,homepage_view
10848,982,purchase
10849,1204,homepage_view
10850,2905,homepage_view
10851,1392,checkout
10852,2124,homepage_view
10853,2697,checkout
10854,2698,add_to_cart
10855,2544,add_to_cart
10856,3594,product_view
10857,3273,purchase
10858,830,checkout
10859,3418,product_view
10860,2531,homepage_view
10861,3291,homepage_view
10862,3132,homepage_view
10863,3039,product_view
10864,3731,checkout
10865,2667,checkout
10866,550,checkout
10867,646,product_view
10868,3983,product_view
10869,1245,add_to_cart
10870,3887,checkout
10871,2550,add_to_cart
10872,3205,homepage_view
10873,846,add_to_cart
10874,2101,product_view
10875,450,homepage_view
10876,2110,add_to_cart
10877,3095,homepage_view
10878,44,purchase
10879,2868,homepage_view
10880,1582,product_view
10881,659,checkout
10882,728,product_view
10883,2900,checkout
10884,2095,add_to_cart
10885,3931,purchase
10886,2868,product_view
10887,1048,homepage_view
10888,1681,product_view
10889,2137,checkout
10890,1198,product_view
10891,3648,homepage_view
10892,1143,homepage_view
10893,2783,product_view
10894,1692,add_to_cart
10895,2226,homepage_view
10896,3067,product_view
10897,1856,homepage_view
10898,1948,add_to_cart
10899,1366,checkout
10900,3640,product_view
10901,3131,homepage_view
10902,2949,homepage_view
10903,438,product_view
10904,1452,add_to_cart
10905,426,product_view
10906,968,purchase
10907,1405,purchase
10908,486,homepage_view
10909,1756,homepage_view
10910,3257,product_view
10911,3631,product_view
10912,2508,add_to_cart
10913,3961,checkout
10914,2969,homepage_view
10915,3174,checkout
10916,1580,add_to_cart
10917,3087,purchase
10918,2796,add_to_cart
10919,1897,add_to_cart
10920,51,homepage_view
10921,2357,checkout
10922,1058,homepage_view
10923,1660,add_to_cart
10924,3053,homepage_view
10925,1613,homepage_view
10926,1928,homepage_view
10927,2683,homepage_view
10928,205,product_view
10929,2788,purchase
10930,1094,product_view
10931,3302,checkout
10932,3552,homepage_view
10933,533,product_view
10934,2156,homepage_view
10935,2924,homepage_view
10936,1265,homepage_view
10937,251,product_view
10938,135,homepage_view
10939,3162,purchase
10940,1615,product_view
10941,3512,checkout
10942,2737,purchase
10943,3370,add_to_cart
10944,407,purchase
10945,3380,homepage_view
10946,102,checkout
10947,1385,homepage_view
10948,3919,product_view
10949,3696,add_to_cart
10950,2741,purchase
10951,3688,purchase
10952,1552,homepage_view
10953,1632,product_view
10954,1317,checkout
10955,3218,add_to_cart
10956,404,homepage_view
10957,814,product_view
10958,3074,checkout
10959,3191,add_to_cart
10960,2903,product_view
10961,1630,add_to_cart
10962,3263,product_view
10963,1027,purchase
10964,2990,add_to_cart
10965,1021,product_view
10966,3559,checkout
10967,3695,homepage_view
10968,2225,purchase
10969,1281,add_to_cart
10970,2921,purchase
10971,3606,homepage_view
10972,2525,add_to_cart
10973,2446,checkout
10974,1520,add_to_cart
10975,220,homepage_view
10976,2005,homepage_view
10977,173,product_view
10978,2784,product_view
10979,1414,add_to_cart
10980,502,product_view
10981,3649,checkout
10982,1813,product_view
10983,2809,homepage_view
10984,3332,homepage_view
10985,2179,add_to_cart
10986,3185,product_view
10987,798,product_view
10988,2847,checkout
10989,930,product_view
10990,723,purchase
10991,3092,purchase
10992,2263,homepage_view
10993,1334,checkout
10994,1275,add_to_cart
10995,488,product_view
10996,3454,add_to_cart
10997,3481,checkout
10998,3343,purchase
10999,1958,product_view
11000,3479,homepage_view
11001,3764,add_to_cart
11002,1218,homepage_view
11003,1465,add_to_cart
11004,313,checkout
11005,79,product_view
11006,2228,homepage_view
11007,3052,add_to_cart
11008,675,product_view
11009,1738,homepage_view
11010,14,add_to_cart
11011,2907,purchase
11012,2294,add_to_cart
11013,2046,product_view
11014,1038,add_to_cart
11015,2147,homepage_view
11016,33,checkout
11017,1460,add_to_cart
11018,257,purchase
11019,34,purchase
11020,2067,product_view
11021,3736,purchase
11022,1284,purchase
11023,3748,add_to_cart
11024,2637,product_view
11025,1850,add_to_cart
11026,3488,homepage_view
11027,2185,add_to_cart
11028,359,homepage_view
11029,3792,add_to_cart
11030,754,purchase
11031,1603,homepage_view
11032,3188,checkout
11033,404,homepage_view
11034,1226,add_to_cart
11035,1400,add_to_cart
11036,2298,homepage_view
11037,2494,add_to_cart
11038,3002,checkout
11039,278,product_view
11040,112,add_to_cart
11041,1987,add_to_cart
11042,3915,homepage_view
11043,3545,purchase
11044,2794,product_view
11045,2736,product_view
11046,392,homepage_view
11047,969,product_view
11048,2191,add_to_cart
11049,1056,add_to_cart
11050,2229,add_to_cart
11051,2627,checkout
11052,3588,product_view
11053,2846,product_view
11054,269,purchase
11055,3308,purchase
11056,3349,product_view
11057,2601,add_to_cart
11058,2681,homepage_view
11059,2030,homepage_view
11060,275,checkout
11061,743,product_view
11062,3888,homepage_view
11063,86,add_to_cart
11064,3135,purchase
11065,404,purchase
11066,2240,add_to_cart
11067,3365,product_view
11068,2046,homepage_view
11069,1055,checkout
11070,3402,purchase
11071,3730,checkout
11072,2155,add_to_cart
11073,1895,homepage_view
11074,2670,product_view
11075,276,product_view
11076,3794,checkout
11077,651,homepage_view
11078,1622,product_view
11079,2604,homepage_view
11080,1106,add_to_cart
11081,3136,checkout
11082,1914,add_to_cart
11083,3927,checkout
11084,3905,add_to_cart
11085,2615,homepage_view
11086,586,product_view
11087,2933,purchase
11088,129,homepage_view
11089,256,homepage_view
11090,2982,product_view
11091,231,product_view
11092,3569,product_view
11093,1161,product_view
11094,2911,purchase
11095,3527,add_to_cart
11096,3985,homepage_view
11097,2403,add_to_cart
11098,1648,checkout
11099,3557,checkout
11100,3892,product_view
11101,2194,product_view
11102,2048,checkout
11103,3105,checkout
11104,260,product_view
11105,2135,homepage_view
11106,843,add_to_cart
11107,1972,homepage_view
11108,265,homepage_view
11109,3904,product_view
11110,3614,product_view
11111,392,product_view
11112,2280,product_view
11113,901,homepage_view
11114,588,homepage_view
11115,2495,homepage_view
11116,1153,product_view
11117,1295,homepage_view
11118,3161,homepage_view
11119,466,product_view
11120,2982,homepage_view
11121,1194,homepage_view
11122,2176,checkout
11123,3246,product_view
11124,1973,checkout
11125,1050,product_view
11126,2621,purchase
11127,2559,homepage_view
11128,488,add_to_cart
11129,2939,product_view
11130,2627,purchase
11131,950,product_view
11132,406,checkout
11133,1050,product_view
11134,1107,add_to_cart
11135,364,checkout
11136,1391,purchase
11137,1084,add_to_cart
11138,551,product_view
11139,1659,homepage_view
11140,292,product_view
11141,2837,homepage_view
11142,1961,homepage_view
11143,3958,add_to_cart
11144,2864,checkout
11145,1818,homepage_view
11146,191,product_view
11147,461,product_view
11148,3876,checkout
11149,2712,homepage_view
11150,1920,product_view
11151,2281,purchase
11152,2522,product_view
11153,3477,add_to_cart
11154,2706,checkout
11155,271,homepage_view
11156,3919,purchase
11157,1158,checkout
11158,171,homepage_view
11159,1439,product_view
11160,28,add_to_cart
11161,136,checkout
11162,2973,homepage_view
11163,2453,add_to_cart
11164,3025,homepage_view
11165,888,checkout
11166,1529,add_to_cart
11167,1265,product_view
11168,856,add_to_cart
11169,2492,checkout
11170,2482,product_view
11171,1252,checkout
11172,509,homepage_view
11173,3871,add_to_cart
11174,1327,add_to_cart
11175,2082,product_view
11176,1026,checkout
11177,362,product_view
11178,1219,purchase
11179,606,homepage_view
11180,1864,homepage_view
11181,1332,checkout
11182,1671,checkout
11183,716,product_view
11184,2298,purchase
11185,2195,add_to_cart
11186,3418,purchase
11187,348,product_view
11188,1278,homepage_view
11189,399,product_view
11190,1358,purchase
11191,1200,product_view
11192,2173,purchase
11193,2811,checkout
11194,2446,product_view
11195,2179,product_view
11196,1586,add_to_cart
11197,2653,add_to_cart
11198,2940,homepage_view
11199,822,purchase
11200,902,add_to_cart
11201,945,purchase
11202,3479,add_to_cart
11203,2780,product_view
11204,1870,product_view
11205,334,checkout
11206,1044,product_view
11207,2253,purchase
11208,3675,product_view
11209,3004,purchase
11210,355,checkout
11211,1197,checkout
11212,1213,product_view
11213,824,add_to_cart
11214,1026,checkout
11215,1897,product_view
11216,2989,add_to_cart
11217,168,checkout
11218,2416,product_view
11219,536,product_view
11220,1949,homepage_view
11221,3011,homepage_view
11222,3949,purchase
11223,2628,checkout
11224,3442,homepage_view
11225,3778,checkout
11226,1620,homepage_view
11227,950,product_view
11228,3509,homepage_view
11229,207,purchase
11230,3121,purchase
11231,544,add_to_cart
11232,3901,product_view
11233,3754,product_view
11234,129,checkout
11235,1471,homepage_view
11236,2662,product_view
11237,2083,add_to_cart
11238,2867,product_view
11239,2247,homepage_view
11240,1837,product_view
11241,77,add_to_cart
11242,369,purchase
11243,2881,homepage_view
11244,526,product_view
11245,349,product_view
11246,506,homepage_view
11247,643,add_to_cart
11248,238,homepage_view
11249,1304,homepage_view
11250,1601,checkout
11251,1456,product_view
11252,2186,purchase
11253,3341,product_view
11254,3812,product_view
11255,3273,product_view
11256,3214,homepage_view
11257,2660,purchase
11258,1674,add_to_cart
11259,2728,product_view
11260,3991,add_to_cart
11261,3683,purchase
11262,1847,homepage_view
11263,1855,homepage_view
11264,2887,homepage_view
11265,2986,checkout
11266,355,homepage_view
11267,2626,product_view
11268,2895,product_view
11269,3401,add_to_cart
11270,559,checkout
11271,2897,product_view
11272,1918,product_view
11273,1255,purchase
11274,3380,homepage_view
11275,1682,homepage_view
11276,3791,add_to_cart
11277,1170,checkout
11278,1176,product_view
11279,1815,homepage_view
11280,2188,checkout
11281,663,add_to_cart
11282,21,checkout
11283,3326,checkout
11284,2112,homepage_view
11285,1242,checkout
11286,3144,homepage_view
11287,3038,checkout
11288,162,checkout
11289,130,product_view
11290,2629,add_to_cart
11291,1951,homepage_view
11292,225,homepage_view
11293,1782,product_view
11294,580,checkout
11295,1478,product_view
11296,3031,homepage_view
11297,3053,checkout
11298,3987,homepage_view
11299,3456,checkout
11300,107,product_view
11301,2669,product_view
11302,840,homepage_view
11303,3175,purchase
11304,1165,homepage_view
11305,2625,homepage_view
11306,1158,add_to_cart
11307,2247,checkout
11308,3952,homepage_view
11309,2558,add_to_cart
11310,667,add_to_cart
11311,2127,add_to_cart
11312,1972,product_view
11313,2942,product_view
11314,3554,product_view
11315,512,add_to_cart
11316,250,homepage_view
11317,889,add_to_cart
11318,1024,homepage_view
11319,599,product_view
11320,3888,product_view
11321,753,checkout
11322,600,product_view
11323,3023,homepage_view
11324,2531,homepage_view
11325,2884,add_to_cart
11326,2220,product_view
11327,2917,add_to_cart
11328,2065,product_view
11329,1759,checkout
11330,1318,purchase
11331,2442,homepage_view
11332,1846,add_to_cart
11333,3570,homepage_view
11334,1243,product_view
11335,234,product_view
11336,1414,add_to_cart
11337,2296,product_view
11338,1926,checkout
11339,2100,product_view
11340,2063,product_view
11341,3396,homepage_view
11342,441,add_to_cart
11343,1136,homepage_view
11344,2744,product_view
11345,3944,homepage_view
11346,7,homepage_view
11347,1587,homepage_view
11348,826,homepage_view
11349,3825,product_view
11350,1269,product_view
11351,3520,homepage_view
11352,3437,add_to_cart
11353,3439,product_view
11354,3994,product_view
11355,3770,checkout
11356,1311,product_view
11357,1628,purchase
11358,3178,product_view
11359,1037,checkout
11360,1170,add_to_cart
11361,478,checkout
11362,2679,purchase
11363,715,homepage_view
11364,1677,homepage_view
11365,2163,add_to_cart
11366,509,product_view
11367,3224,checkout
11368,2105,homepage_view
11369,382,checkout
11370,1181,homepage_view
11371,3000,homepage_view
11372,1846,purchase
11373,3205,homepage_view
11374,1187,product_view
11375,275,homepage_view
11376,1719,checkout
11377,1101,add_to_cart
11378,1861,checkout
11379,2092,product_view
11380,718,product_view
11381,3622,homepage_view
11382,318,homepage_view
11383,534,product_view
11384,1609,add_to_cart
11385,1777,homepage_view
11386,3226,homepage_view
11387,2285,homepage_view
11388,2941,product_view
11389,2565,homepage_view
11390,1245,homepage_view
11391,1334,homepage_view
11392,3670,checkout
11393,1201,homepage_view
11394,1795,checkout
11395,3292,product_view
11396,2086,add_to_cart
11397,2702,homepage_view
11398,1455,add_to_cart
11399,1934,homepage_view
11400,747,homepage_view
11401,3275,purchase
11402,841,add_to_cart
11403,3878,homepage_view
11404,2496,product_view
11405,1519,product_view
11406,2732,add_to_cart
11407,2173,add_to_cart
11408,3910,homepage_view
11409,1089,homepage_view
11410,793,product_view
11411,2832,product_view
11412,1268,product_view
11413,1551,add_to_cart
11414,2274,add_to_cart
11415,2513,product_view
11416,2691,checkout
11417,3779,homepage_view
11418,293,add_to_cart
11419,2769,purchase
11420,1405,product_view
11421,1649,product_view
11422,2804,homepage_view
11423,2214,checkout
11424,3775,product_view
11425,2817,add_to_cart
11426,3911,homepage_view
11427,1242,homepage_view
11428,3055,product_view
11429,2919,homepage_view
11430,3347,checkout
11431,1076,checkout
11432,1398,product_view
11433,1694,homepage_view
11434,3435,homepage_view
11435,2615,add_to_cart
11436,1038,homepage_view
11437,3853,add_to_cart
11438,1364,homepage_view
11439,2650,add_to_cart
11440,1563,checkout
11441,1113,product_view
11442,2953,checkout
11443,2089,checkout
11444,3376,add_to_cart
11445,1292,product_view
11446,1162,homepage_view
11447,1030,checkout
11448,242,add_to_cart
11449,162,checkout
11450,3067,product_view
11451,2740,homepage_view
11452,2857,purchase
11453,979,homepage_view
11454,518,purchase
11455,898,homepage_view
11456,783,product_view
11457,3473,product_view
11458,2832,purchase
11459,1180,checkout
11460,85,checkout
11461,1736,product_view
11462,1034,homepage_view
11463,138,add_to_cart
11464,754,product_view
11465,2954,add_to_cart
11466,713,checkout
11467,2204,product_view
11468,2456,add_to_cart
11469,2835,checkout
11470,3297,purchase
11471,580,add_to_cart
11472,3256,checkout
11473,3267,product_view
11474,554,homepage_view
11475,396,homepage_view
11476,1938,homepage_view
11477,1687,homepage_view
11478,1620,homepage_view
11479,1158,checkout
11480,1333,product_view
11481,1890,product_view
11482,810,product_view
11483,3010,product_view
11484,2590,homepage_view
11485,3081,homepage_view
11486,3035,checkout
11487,170,add_to_cart
11488,2338,product_view
11489,3240,product_view
11490,3416,homepage_view
11491,3569,product_view
11492,3217,add_to_cart
11493,3485,add_to_cart
11494,740,homepage_view
11495,1842,checkout
11496,2636,product_view
11497,2783,product_view
11498,3761,add_to_cart
11499,457,product_view
11500,2749,product_view
11501,3027,homepage_view
11502,1326,product_view
11503,2094,homepage_view
11504,3966,homepage_view
11505,3089,homepage_view
11506,1602,add_to_cart
11507,1384,homepage_view
11508,1285,homepage_view
11509,1147,product_view
11510,231,purchase
11511,2998,checkout
11512,2685,purchase
11513,112,add_to_cart
11514,3856,product_view
11515,593,add_to_cart
11516,3318,homepage_view
11517,2907,homepage_view
11518,2439,product_view
11519,2440,homepage_view
11520,2376,add_to_cart
11521,1239,product_view
11522,1888,homepage_view
11523,2795,purchase
11524,2415,add_to_cart
11525,2130,product_view
11526,2854,purchase
11527,2870,homepage_view
11528,1100,checkout
11529,3599,product_view
11530,3804,add_to_cart
11531,1527,purchase
11532,3814,product_view
11533,1970,homepage_view
11534,952,homepage_view
11535,1503,product_view
11536,372,checkout
11537,3337,homepage_view
11538,2312,product_view
11539,110,checkout
11540,3987,homepage_view
11541,2355,checkout
11542,1224,homepage_view
11543,226,homepage_view
11544,2233,homepage_view
11545,3012,purchase
11546,31,product_view
11547,614,homepage_view
11548,1795,product_view
11549,99,add_to_cart
11550,1363,product_view
11551,811,add_to_cart
11552,1821,homepage_view
11553,3338,homepage_view
11554,2700,product_view
11555,814,homepage_view
11556,1822,purchase
11557,3422,homepage_view
11558,1020,add_to_cart
11559,3026,homepage_view
11560,3800,checkout
11561,3616,homepage_view
11562,3529,purchase
11563,3887,homepage_view
11564,2136,checkout
11565,1087,product_view
11566,922,product_view
11567,1411,homepage_view
11568,3863,checkout
11569,1483,homepage_view
11570,2634,add_to_cart
11571,2866,product_view
11572,2980,purchase
11573,1660,add_to_cart
11574,3341,homepage_view
11575,1918,product_view
11576,797,homepage_view
11577,1958,homepage_view
11578,3067,product_view
11579,1013,checkout
11580,3021,checkout
11581,2681,homepage_view
11582,346,product_view
11583,724,homepage_view
11584,2949,product_view
11585,3732,homepage_view
11586,1102,add_to_cart
11587,1389,purchase
11588,1038,homepage_view
11589,136,product_view
11590,1328,homepage_view
11591,2445,purchase
11592,792,homepage_view
11593,79,add_to_cart
11594,1779,checkout
11595,705,homepage_view
11596,982,add_to_cart
11597,1442,homepage_view
11598,1266,checkout
11599,1075,homepage_view
11600,744,purchase
11601,3843,purchase
11602,2432,add_to_cart
11603,375,product_view
11604,1754,checkout
11605,2254,homepage_view
11606,3898,product_view
11607,2537,homepage_view
11608,3453,add_to_cart
11609,1992,checkout
11610,2929,purchase
11611,1335,add_to_cart
11612,3447,add_to_cart
11613,2680,checkout
11614,592,purchase
11615,1066,product_view
11616,533,homepage_view
11617,2570,product_view
11618,2873,product_view
11619,1177,add_to_cart
11620,1336,purchase
11621,1318,purchase
11622,598,product_view
11623,113,homepage_view
11624,3773,homepage_view
11625,1136,homepage_view
11626,1199,product_view
11627,1846,checkout
11628,1326,product_view
11629,1988,product_view
11630,1540,homepage_view
11631,734,product_view
11632,1986,checkout
11633,3293,checkout
11634,3243,homepage_view
11635,2366,checkout
11636,996,homepage_view
11637,2261,add_to_cart
11638,253,homepage_view
11639,124,add_to_cart
11640,3712,homepage_view
11641,1237,add_to_cart
11642,624,add_to_cart
11643,3157,homepage_view
11644,1540,purchase
11645,3137,homepage_view
11646,3390,checkout
11647,3418,product_view
11648,1656,add_to_cart
11649,1267,add_to_cart
11650,2946,homepage_view
11651,1161,product_view
11652,2295,product_view
11653,441,checkout
11654,2093,purchase
11655,2706,homepage_view
11656,2928,product_view
11657,3760,add_to_cart
11658,1017,product_view
11659,554,purchase
11660,809,homepage_view
11661,971,product_view
11662,1113,add_to_cart
11663,2778,homepage_view
11664,3069,add_to_cart
11665,3002,homepage_view
11666,3300,product_view
11667,1834,add_to_cart
11668,1315,homepage_view
11669,3494,homepage_view
11670,3139,purchase
11671,1275,purchase
11672,3113,purchase
11673,99,purchase
11674,3378,homepage_view
11675,2920,homepage_view
11676,3926,homepage_view
11677,1480,checkout
11678,1615,add_to_cart
11679,301,add_to_cart
11680,1223,purchase
11681,1683,product_view
11682,488,homepage_view
11683,3178,homepage_view
11684,1425,homepage_view
11685,3777,product_view
11686,1005,product_view
11687,477,checkout
11688,1146,homepage_view
11689,3149,add_to_cart
11690,1336,product_view
11691,1136,purchase
11692,2909,checkout
11693,2857,purchase
11694,1706,product_view
11695,518,homepage_view
11696,1221,product_view
11697,3170,homepage_view
11698,2507,product_view
11699,3913,homepage_view
11700,230,product_view
11701,1192,purchase
11702,3881,homepage_view
11703,3849,purchase
11704,2056,homepage_view
11705,3244,homepage_view
11706,1978,product_view
11707,1384,checkout
11708,2243,add_to_cart
11709,3341,add_to_cart
11710,3091,homepage_view
11711,2402,homepage_view
11712,1888,homepage_view
11713,1073,product_view
11714,464,purchase
11715,2404,purchase
11716,2898,homepage_view
11717,974,add_to_cart
11718,1182,product_view
11719,66,homepage_view
11720,1997,product_view
11721,2907,product_view
11722,571,add_to_cart
11723,3893,homepage_view
11724,308,purchase
11725,3409,product_view
11726,3743,homepage_view
11727,783,product_view
11728,121,add_to_cart
11729,766,add_to_cart
11730,3476,add_to_cart
11731,773,homepage_view
11732,3719,product_view
11733,3858,product_view
11734,3640,homepage_view
11735,3915,add_to_cart
11736,2144,product_view
11737,3186,product_view
11738,987,homepage_view
11739,2010,product_view
11740,3941,checkout
11741,3501,checkout
11742,540,checkout
11743,3890,add_to_cart
11744,2050,homepage_view
11745,3284,add_to_cart
11746,580,homepage_view
11747,1664,checkout
11748,2381,checkout
11749,1048,add_to_cart
11750,3837,homepage_view
11751,3440,purchase
11752,2790,add_to_cart
11753,506,add_to_cart
11754,3048,homepage_view
11755,3248,product_view
11756,3501,homepage_view
11757,1911,product_view
11758,733,product_view
11759,3514,checkout
11760,1572,homepage_view
11761,514,add_to_cart
11762,2943,homepage_view
11763,361,product_view
11764,2322,purchase
11765,2225,add_to_cart
11766,3336,product_view
11767,3258,homepage_view
11768,527,product_view
11769,2961,homepage_view
11770,279,product_view
11771,2754,homepage_view
11772,3270,checkout
11773,1373,homepage_view
11774,1947,homepage_view
11775,1445,add_to_cart
11776,3377,purchase
11777,2112,purchase
11778,290,checkout
11779,2066,homepage_view
11780,64,homepage_view
11781,3946,checkout
11782,330,checkout
11783,1894,add_to_cart
11784,763,product_view
11785,1964,homepage_view
11786,3089,checkout
11787,2491,homepage_view
11788,141,add_to_cart
11789,1332,purchase
11790,444,add_to_cart
11791,2544,homepage_view
11792,2474,homepage_view
11793,1499,homepage_view
11794,3904,add_to_cart
11795,1269,product_view
11796,450,homepage_view
11797,1826,homepage_view
11798,351,homepage_view
11799,599,purchase
11800,711,checkout
11801,870,product_view
11802,1984,purchase
11803,1185,add_to_cart
11804,3212,add_to_cart
11805,3565,add_to_cart
11806,3660,add_to_cart
11807,3603,homepage_view
11808,393,product_view
11809,842,checkout
11810,2449,homepage_view
11811,2098,homepage_view
11812,2792,homepage_view
11813,1319,homepage_view
11814,3497,homepage_view
11815,2954,add_to_cart
11816,1036,homepage_view
11817,1359,homepage_view
11818,991,purchase
11819,1039,add_to_cart
11820,28,homepage_view
11821,388,product_view
11822,1316,add_to_cart
11823,3959,checkout
11824,833,homepage_view
11825,250,purchase
11826,2028,checkout
11827,1529,checkout
11828,98,homepage_view
11829,1839,homepage_view
11830,1361,product_view
11831,1063,homepage_view
11832,3110,homepage_view
11833,1324,homepage_view
11834,2227,add_to_cart
11835,3681,homepage_view
11836,892,homepage_view
11837,1493,purchase
11838,1306,homepage_view
11839,2798,product_view
11840,1188,add_to_cart
11841,453,purchase
11842,97,checkout
11843,3841,product_view
11844,2357,purchase
11845,262,product_view
11846,2341,add_to_cart
11847,1794,homepage_view
11848,2297,add_to_cart
11849,2293,product_view
11850,2299,add_to_cart
11851,2171,add_to_cart
11852,325,homepage_view
11853,986,product_view
11854,3753,add_to_cart
11855,2549,homepage_view
11856,687,product_view
11857,3853,add_to_cart
11858,1740,purchase
11859,1861,homepage_view
11860,3138,product_view
11861,3899,homepage_view
11862,836,product_view
11863,59,homepage_view
11864,2779,add_to_cart
11865,1522,add_to_cart
11866,1397,homepage_view
11867,2314,add_to_cart
11868,1677,product_view
11869,236,homepage_view
11870,2946,product_view
11871,218,product_view
11872,1551,homepage_view
11873,1838,add_to_cart
11874,3513,checkout
11875,3722,checkout
11876,1430,product_view
11877,3816,homepage_view
11878,3673,checkout
11879,3023,product_view
11880,589,add_to_cart
11881,1672,checkout
11882,917,checkout
11883,1493,product_view
11884,918,purchase
11885,1134,add_to_cart
11886,2401,product_view
11887,1837,add_to_cart
11888,2139,homepage_view
11889,1906,product_view
11890,3990,checkout
11891,3486,homepage_view
11892,702,product_view
11893,2121,product_view
11894,2733,product_view
11895,3619,product_view
11896,2770,purchase
11897,1322,homepage_view
11898,3717,add_to_cart
11899,3355,add_to_cart
11900,1529,add_to_cart
11901,1222,homepage_view
11902,3006,product_view
11903,1056,purchase
11904,648,product_view
11905,760,add_to_cart
11906,2919,purchase
11907,3413,checkout
11908,3730,add_to_cart
11909,1358,purchase
11910,2191,homepage_view
11911,1770,checkout
11912,3482,product_view
11913,949,product_view
11914,2092,product_view
11915,2080,homepage_view
11916,1767,product_view
11917,28,homepage_view
11918,3068,homepage_view
11919,2471,product_view
11920,2539,checkout
11921,160,homepage_view
11922,2893,product_view
11923,1231,add_to_cart
11924,18,homepage_view
11925,1127,purchase
11926,3654,checkout
11927,3703,homepage_view
11928,3723,purchase
11929,2720,add_to_cart
11930,2280,homepage_view
11931,3732,add_to_cart
11932,3937,add_to_cart
11933,2472,add_to_cart
11934,904,add_to_cart
11935,755,homepage_view
11936,1571,purchase
11937,837,checkout
11938,894,add_to_cart
11939,3939,homepage_view
11940,2287,add_to_cart
11941,3406,add_to_cart
11942,2197,checkout
11943,2671,purchase
11944,1432,purchase
11945,17,product_view
11946,2962,checkout
11947,2274,homepage_view
11948,652,product_view
11949,1680,homepage_view
11950,260,checkout
11951,1753,purchase
11952,2722,homepage_view
11953,1628,product_view
11954,2048,purchase
11955,2222,product_view
11956,1867,product_view
11957,205,product_view
11958,2463,add_to_cart
11959,3580,purchase
11960,1177,product_view
11961,3175,homepage_view
11962,3786,homepage_view
11963,792,homepage_view
11964,3137,product_view
11965,1141,purchase
11966,3737,add_to_cart
11967,3228,purchase
11968,3748,purchase
11969,1106,product_view
11970,2566,product_view
11971,1858,add_to_cart
11972,1091,homepage_view
11973,3310,add_to_cart
11974,1608,product_view
11975,3679,add_to_cart
11976,1840,product_view
11977,979,product_view
11978,3058,add_to_cart
11979,3398,product_view
11980,2638,homepage_view
11981,67,add_to_cart
11982,3248,product_view
11983,3905,checkout
11984,684,homepage_view
11985,3550,add_to_cart
11986,1279,product_view
11987,63,homepage_view
11988,814,product_view
11989,403,add_to_cart
11990,3830,product_view
11991,2240,homepage_view
11992,2003,add_to_cart
11993,1353,homepage_view
11994,71,add_to_cart
11995,2926,checkout
11996,2789,homepage_view
11997,2994,product_view
11998,1087,product_view
11999,3369,add_to_cart
12000,245,product_view
